Name,Model,Company,Year,Fuel Type,KM Driven,Transmission Type,Price,Location
Hyundai Elite i20 MAGNA 1.2,Elite i20 MAGNA 1.2,Hyundai,2015,Petrol,"66,704",Manual,₹4.35 Lakh,Delhi
Maruti Alto 800 LXI,Alto 800 LXI,Maruti,2016,Petrol,"97,698",Manual,₹2.31 Lakh,Delhi
Maruti Swift VXI,Swift VXI,Maruti,2015,Petrol,"1,02,460",Manual,₹3.33 Lakh,Delhi
Hyundai Verna 1.6 VTVT SX,Verna 1.6 VTVT SX,Hyundai,2019,Petrol,"55,921",Manual,₹7.78 Lakh,Delhi
Hyundai Verna 1.6 VTVT SX,Verna 1.6 VTVT SX,Hyundai,2019,Petrol,"34,032",Manual,₹8.35 Lakh,Delhi
Maruti Baleno DELTA PETROL 1.2,Baleno DELTA PETROL 1.2,Maruti,2019,Petrol,"35,190",Manual,₹5.57 Lakh,Delhi
Maruti Celerio VXI,Celerio VXI,Maruti,2019,Petrol,"63,194",Manual,₹3.98 Lakh,Delhi
Nissan MAGNITE XV PREMIUM,MAGNITE XV PREMIUM,Nissan,2022,Petrol,"11,851",Manual,₹7.34 Lakh,Delhi
Nissan MAGNITE XE,MAGNITE XE,Nissan,2022,Petrol,"20,338",Manual,₹5.65 Lakh,Delhi
Hyundai Creta SX PLUS AT 1.6 PETROL,Creta SX PLUS AT 1.6 PETROL,Hyundai,2017,Petrol,"29,759",Automatic,₹9.00 Lakh,Delhi
Tata NEXON XZ PLUS PETROL,NEXON XZ PLUS PETROL,Tata,2017,Petrol,"82,375",Manual,₹6.00 Lakh,Delhi
Hyundai Creta SX (O) 1.4 TURBO DCT,Creta SX (O) 1.4 TURBO DCT,Hyundai,2022,Petrol,"40,368",Automatic,₹16.54 Lakh,Delhi
Ford Ecosport TITANIUM 1.5L DIESEL,Ecosport TITANIUM 1.5L DIESEL,Ford,2019,Diesel,"68,051",Manual,₹7.18 Lakh,Delhi
Tata ALTROZ XM PLUS PETROL,ALTROZ XM PLUS PETROL,Tata,2021,Petrol,"49,461",Manual,₹6.29 Lakh,Delhi
Maruti Vitara Brezza VXI AT SHVS,Vitara Brezza VXI AT SHVS,Maruti,2021,Petrol,"29,125",Automatic,₹8.55 Lakh,Delhi
Hyundai VENUE SX 1.0 TURBO,VENUE SX 1.0 TURBO,Hyundai,2020,Petrol,"43,417",Manual,₹8.31 Lakh,Delhi
Hyundai NEW I20 Sportz (O) 1.2 IVT,NEW I20 Sportz (O) 1.2 IVT,Hyundai,2024,Petrol,"3,295",Automatic,₹9.78 Lakh,Delhi
Maruti Alto LXI O,Alto LXI O,Maruti,2022,Petrol,"13,185",Manual,₹3.73 Lakh,Delhi
Hyundai GRAND I10 NIOS MAGNA CORPORATE EDITION 1.2 KAPPA VTVT,GRAND I10 NIOS MAGNA CORPORATE EDITION 1.2 KAPPA VTVT,Hyundai,2020,Petrol,"20,631",Manual,₹5.41 Lakh,Delhi
Maruti Baleno ZETA PETROL 1.2,Baleno ZETA PETROL 1.2,Maruti,2019,Petrol,"21,221",Manual,₹6.21 Lakh,Delhi
Maruti Swift VXI,Swift VXI,Maruti,2017,Petrol,"87,820",Manual,₹4.22 Lakh,Delhi
Honda City 1.5L I-VTEC V MT,City 1.5L I-VTEC V MT,Honda,2015,Petrol,"97,044",Manual,₹5.15 Lakh,Delhi
Tata NEXON XZ PLUS (O) PETROL DARK EDITION,NEXON XZ PLUS (O) PETROL DARK EDITION,Tata,2022,Petrol,"26,202",Manual,₹10.54 Lakh,Delhi
Ford Ecosport TITANIUM+ 1.0L ECOBOOST,Ecosport TITANIUM+ 1.0L ECOBOOST,Ford,2016,Petrol,"29,475",Manual,₹5.97 Lakh,Delhi
Hyundai i20 MAGNA 1.2,i20 MAGNA 1.2,Hyundai,2011,Petrol,"78,624",Manual,₹1.83 Lakh,Delhi
Maruti Swift ZXI PLUS,Swift ZXI PLUS,Maruti,2018,Petrol,"21,574",Manual,₹6.39 Lakh,Delhi
Maruti Swift LXI (O),Swift LXI (O),Maruti,2017,Petrol,"47,657",Manual,₹4.15 Lakh,Delhi
Honda City 1.5L I-VTEC SV,City 1.5L I-VTEC SV,Honda,2017,Petrol,"1,02,835",Manual,₹6.27 Lakh,Delhi
Volkswagen VIRTUS COMFORTLINE TSI 1.0 MT,VIRTUS COMFORTLINE TSI 1.0 MT,Volkswagen,2022,Petrol,"27,653",Manual,₹9.18 Lakh,Delhi
Maruti Alto 800 LXI O,Alto 800 LXI O,Maruti,2018,Petrol,"68,062",Manual,₹2.99 Lakh,Delhi
Hyundai Eon ERA +,Eon ERA +,Hyundai,2014,Petrol,"45,069",Manual,₹2.01 Lakh,Delhi
Maruti Alto K10 VXI,Alto K10 VXI,Maruti,2015,Petrol,"45,475",Manual,₹2.27 Lakh,Delhi
Volkswagen Ameo HIGHLINE PLUS 1.0L 16 ALLOY,Ameo HIGHLINE PLUS 1.0L 16 ALLOY,Volkswagen,2018,Petrol,"40,904",Manual,₹4.76 Lakh,Delhi
Honda City 1.5L I-VTE V CVT,City 1.5L I-VTE V CVT,Honda,2020,Petrol,"55,879",Automatic,₹8.81 Lakh,Delhi
Mahindra XUV300 W6 1.2 PETROL,XUV300 W6 1.2 PETROL,Mahindra,2023,Petrol,"20,393",Manual,₹8.99 Lakh,Delhi
Honda City 1.5L I-VTE V CVT,City 1.5L I-VTE V CVT,Honda,2021,Petrol,"34,459",Automatic,₹10.42 Lakh,Delhi
Hyundai i20 Active 1.2 S,i20 Active 1.2 S,Hyundai,2016,Petrol,"54,035",Manual,₹5.03 Lakh,Delhi
Hyundai Grand i10 MAGNA 1.2 KAPPA VTVT,Grand i10 MAGNA 1.2 KAPPA VTVT,Hyundai,2015,Petrol,"29,040",Manual,₹3.60 Lakh,Delhi
Honda City 1.5L I-VTEC V MT,City 1.5L I-VTEC V MT,Honda,2015,Petrol,"89,726",Manual,₹5.15 Lakh,Delhi
Maruti Swift VXI AMT,Swift VXI AMT,Maruti,2021,Petrol,"11,486",Automatic,₹6.42 Lakh,Delhi
Hyundai Grand i10 MAGNA 1.2 KAPPA VTVT,Grand i10 MAGNA 1.2 KAPPA VTVT,Hyundai,2018,Petrol,"41,163",Manual,₹3.86 Lakh,Delhi
Maruti Dzire LXI,Dzire LXI,Maruti,2018,Petrol,"38,776",Manual,₹5.05 Lakh,Delhi
Hyundai NEW SANTRO SPORTZ MT,NEW SANTRO SPORTZ MT,Hyundai,2019,Petrol,"53,016",Manual,₹4.17 Lakh,Delhi
Hyundai Elite i20 MAGNA EXECUTIVE 1.2,Elite i20 MAGNA EXECUTIVE 1.2,Hyundai,2017,Petrol,"27,659",Manual,₹4.85 Lakh,Delhi
Volkswagen Ameo TRENDLINE 1.2L,Ameo TRENDLINE 1.2L,Volkswagen,2017,Petrol,"67,835",Manual,₹3.76 Lakh,Delhi
Hyundai Creta EX 1.5 PETROL,Creta EX 1.5 PETROL,Hyundai,2022,Petrol,"19,352",Manual,₹11.51 Lakh,Delhi
Hyundai Elite i20 ASTA 1.2 (O),Elite i20 ASTA 1.2 (O),Hyundai,2018,Petrol,"48,575",Manual,₹5.30 Lakh,Delhi
Tata PUNCH ACCOMPLISHED MT,PUNCH ACCOMPLISHED MT,Tata,2022,Petrol,"21,955",Manual,₹6.70 Lakh,Delhi
Maruti Baleno DELTA PETROL 1.2,Baleno DELTA PETROL 1.2,Maruti,2020,Petrol,"38,482",Manual,₹6.03 Lakh,Delhi
Maruti S PRESSO VXI PLUS AMT,S PRESSO VXI PLUS AMT,Maruti,2021,Petrol,"27,032",Automatic,₹4.59 Lakh,Delhi
KIA SELTOS HTE 1.5 DIESEL,SELTOS HTE 1.5 DIESEL,KIA,2022,Diesel,"36,166",Manual,₹10.57 Lakh,Delhi
Maruti Ritz VXI,Ritz VXI,Maruti,2014,Petrol,"57,273",Manual,₹2.68 Lakh,Delhi
Skoda Rapid MONTE CARLO TSI,Rapid MONTE CARLO TSI,Skoda,2021,Petrol,"43,461",Manual,₹8.68 Lakh,Delhi
Honda City 1.5L I-VTEC ZX,City 1.5L I-VTEC ZX,Honda,2021,Petrol,"28,369",Manual,₹10.78 Lakh,Delhi
Honda WR-V 1.2L I-VTEC VX MT,WR-V 1.2L I-VTEC VX MT,Honda,2018,Petrol,"9,363",Manual,₹6.67 Lakh,Delhi
Hyundai Grand i10 MAGNA 1.2 KAPPA VTVT,Grand i10 MAGNA 1.2 KAPPA VTVT,Hyundai,2018,Petrol,"32,410",Manual,₹4.31 Lakh,Delhi
Maruti New Wagon-R VXI 1.2,New Wagon-R VXI 1.2,Maruti,2019,Petrol,"19,085",Manual,₹4.77 Lakh,Delhi
Renault Duster RXS OPT CVT,Duster RXS OPT CVT,Renault,2019,Petrol,"25,864",Automatic,₹7.66 Lakh,Delhi
Maruti S Cross SIGMA 1.5,S Cross SIGMA 1.5,Maruti,2022,Petrol,"15,983",Manual,₹8.24 Lakh,Delhi
Honda Amaze 1.2L I-VTEC S,Amaze 1.2L I-VTEC S,Honda,2015,Petrol,"41,525",Manual,₹3.67 Lakh,Delhi
Maruti Baleno DELTA PETROL 1.2,Baleno DELTA PETROL 1.2,Maruti,2017,Petrol,"89,754",Manual,₹4.35 Lakh,Delhi
Tata Safari XZ,Safari XZ,Tata,2021,Diesel,"30,203",Manual,₹15.95 Lakh,Delhi
Hyundai Grand i10 SPORTZ 1.2 KAPPA VTVT,Grand i10 SPORTZ 1.2 KAPPA VTVT,Hyundai,2014,Petrol,"48,626",Manual,₹2.87 Lakh,Delhi
Nissan MAGNITE XE,MAGNITE XE,Nissan,2021,Petrol,"30,455",Manual,₹5.33 Lakh,Delhi
Hyundai AURA SX+ 1.0 TURBO GDI MT,AURA SX+ 1.0 TURBO GDI MT,Hyundai,2020,Petrol,"63,013",Manual,₹6.54 Lakh,Delhi
Hyundai Verna 1.6 VTVT SX (O) AT,Verna 1.6 VTVT SX (O) AT,Hyundai,2019,Petrol,"40,798",Automatic,₹8.78 Lakh,Delhi
Hyundai Grand i10 SPORTZ 1.2 KAPPA VTVT,Grand i10 SPORTZ 1.2 KAPPA VTVT,Hyundai,2018,CNG,"95,573",Manual,₹4.09 Lakh,Delhi
Renault Kwid RXL,Kwid RXL,Renault,2021,Petrol,"51,750",Manual,₹3.38 Lakh,Delhi
Renault Kwid RXT 1.0 (O),Kwid RXT 1.0 (O),Renault,2019,Petrol,"73,117",Manual,₹3.25 Lakh,Delhi
Honda WR-V 1.2L I-VTEC VX MT,WR-V 1.2L I-VTEC VX MT,Honda,2017,Petrol,"41,985",Manual,₹6.02 Lakh,Delhi
Maruti Dzire LXI,Dzire LXI,Maruti,2017,Petrol,"22,148",Manual,₹4.70 Lakh,Delhi
Ford Ecosport TITANIUM 1.5L THUNDER EDTION DIESEL,Ecosport TITANIUM 1.5L THUNDER EDTION DIESEL,Ford,2020,Diesel,"71,807",Manual,₹7.87 Lakh,Delhi
Renault TRIBER RXT,TRIBER RXT,Renault,2019,Petrol,"47,800",Manual,₹4.73 Lakh,Delhi
Maruti Eeco 5 STR AC CNG,Eeco 5 STR AC CNG,Maruti,2022,CNG,"10,783",Manual,₹5.99 Lakh,Delhi
Honda City 1.5L I-VTEC ZX,City 1.5L I-VTEC ZX,Honda,2019,Petrol,"33,671",Manual,₹8.53 Lakh,Delhi
Volkswagen Polo TRENDLINE 1.2L PETROL,Polo TRENDLINE 1.2L PETROL,Volkswagen,2012,Petrol,"61,297",Manual,₹1.84 Lakh,Delhi
Renault Duster RXZ 1.3 TURBO PETROL MT,Duster RXZ 1.3 TURBO PETROL MT,Renault,2021,Petrol,"50,108",Manual,₹9.10 Lakh,Delhi
Maruti Swift LXI (O),Swift LXI (O),Maruti,2017,Petrol,"55,602",Manual,₹4.12 Lakh,Delhi
Maruti Wagon R Stingray VXI,Wagon R Stingray VXI,Maruti,2015,Petrol,"66,325",Manual,₹3.15 Lakh,Delhi
Maruti Baleno ZETA PETROL 1.2,Baleno ZETA PETROL 1.2,Maruti,2020,Petrol,"58,514",Manual,₹6.36 Lakh,Delhi
Honda City 1.5L I-VTEC VX CVT,City 1.5L I-VTEC VX CVT,Honda,2014,Petrol,"69,403",Automatic,₹5.54 Lakh,Delhi
Renault Kwid CLIMBER 1.0 AMT,Kwid CLIMBER 1.0 AMT,Renault,2017,Petrol,"41,308",Automatic,₹3.03 Lakh,Delhi
Tata NEXON XM PLUS SUNROOF PETROL,NEXON XM PLUS SUNROOF PETROL,Tata,2022,Petrol,"22,251",Manual,₹7.85 Lakh,Delhi
Jeep Compass LIMITED PLUS DIESEL,Compass LIMITED PLUS DIESEL,Jeep,2020,Diesel,"47,583",Manual,₹14.17 Lakh,Delhi
Hyundai i10 MAGNA 1.2,i10 MAGNA 1.2,Hyundai,2013,Petrol,"55,217",Manual,₹2.15 Lakh,Delhi
Hyundai Tucson 2WD MT PETROL,Tucson 2WD MT PETROL,Hyundai,2018,Petrol,"43,368",Manual,₹12.50 Lakh,Delhi
Hyundai NEW I20 N LINE N6 1.0 TURBO GDI IMT,NEW I20 N LINE N6 1.0 TURBO GDI IMT,Hyundai,2022,Petrol,"10,797",Manual,₹9.19 Lakh,Delhi
Ford Ecosport AMBIENTE 1.5L PETROL,Ecosport AMBIENTE 1.5L PETROL,Ford,2019,Petrol,"35,014",Manual,₹5.88 Lakh,Delhi
Maruti Baleno ZETA PETROL 1.2,Baleno ZETA PETROL 1.2,Maruti,2020,Petrol,"72,471",Manual,₹5.72 Lakh,Delhi
Tata NEXON XM SUNROOF DIESEL,NEXON XM SUNROOF DIESEL,Tata,2022,Diesel,"45,834",Manual,₹8.04 Lakh,Delhi
Datsun Redi Go T(O),Redi Go T(O),Datsun,2021,Petrol,"41,535",Manual,₹2.53 Lakh,Delhi
Tata ALTROZ XZA,ALTROZ XZA,Tata,2022,Petrol,"19,606",Automatic,₹7.78 Lakh,Delhi
Maruti Baleno DELTA CVT PETROL 1.2,Baleno DELTA CVT PETROL 1.2,Maruti,2019,Petrol,"36,013",Automatic,₹5.90 Lakh,Delhi
Skoda Rapid STYLE 1.6 MPI AT,Rapid STYLE 1.6 MPI AT,Skoda,2018,Petrol,"70,102",Automatic,₹7.20 Lakh,Delhi
Hyundai Elite i20 SPORTZ 1.2,Elite i20 SPORTZ 1.2,Hyundai,2017,Petrol,"43,570",Manual,₹5.30 Lakh,Delhi
Hyundai Verna FLUIDIC 1.6 VTVT EX,Verna FLUIDIC 1.6 VTVT EX,Hyundai,2012,Petrol,"38,005",Manual,₹3.72 Lakh,Delhi
KIA SONET HTX 1.0 IMT,SONET HTX 1.0 IMT,KIA,2022,Petrol,"9,526",Manual,₹10.14 Lakh,Delhi
Honda City 1.5L I-VTEC ZX,City 1.5L I-VTEC ZX,Honda,2021,Petrol,"5,404",Manual,₹11.84 Lakh,Delhi
Hyundai Elite i20 SPORTZ 1.2,Elite i20 SPORTZ 1.2,Hyundai,2017,Petrol,"31,781",Manual,₹5.30 Lakh,Delhi
Maruti Swift LXI,Swift LXI,Maruti,2018,Petrol,"53,062",Manual,₹4.37 Lakh,Delhi
Nissan MAGNITE XE,MAGNITE XE,Nissan,2021,Petrol,"10,379",Manual,₹4.78 Lakh,Delhi
Honda City 1.5L I-VTEC V MT,City 1.5L I-VTEC V MT,Honda,2015,Petrol,"41,293",Manual,₹4.77 Lakh,Delhi
Renault Kwid RXT 0.8,Kwid RXT 0.8,Renault,2019,Petrol,"66,768",Manual,₹3.24 Lakh,Delhi
Tata Tiago XM CNG,Tiago XM CNG,Tata,2023,CNG,"17,340",Manual,₹6.01 Lakh,Delhi
Maruti Wagon R 1.0 VXI,Wagon R 1.0 VXI,Maruti,2017,Petrol,"43,944",Manual,₹3.49 Lakh,Delhi
Mahindra XUV300 W6 1.2 PETROL,XUV300 W6 1.2 PETROL,Mahindra,2020,Petrol,"40,924",Manual,₹7.01 Lakh,Delhi
Hyundai Elite i20 SPORTZ 1.2,Elite i20 SPORTZ 1.2,Hyundai,2015,Petrol,"76,547",Manual,₹4.00 Lakh,Delhi
Maruti Alto 800 LXI,Alto 800 LXI,Maruti,2016,Petrol,"89,853",Manual,₹2.26 Lakh,Delhi
Tata NEXON XZ PETROL,NEXON XZ PETROL,Tata,2022,Petrol,"27,385",Manual,₹8.43 Lakh,Delhi
Hyundai Elite i20 SPORTZ 1.2,Elite i20 SPORTZ 1.2,Hyundai,2015,Petrol,"40,714",Manual,₹4.59 Lakh,Delhi
Maruti Wagon R 1.0 VXI AMT,Wagon R 1.0 VXI AMT,Maruti,2018,Petrol,"27,391",Automatic,₹4.18 Lakh,Delhi
Honda Jazz 1.2L I-VTEC VX,Jazz 1.2L I-VTEC VX,Honda,2016,Petrol,"35,788",Manual,₹4.02 Lakh,Delhi
KIA SONET HTK PLUS 1.0 DCT,SONET HTK PLUS 1.0 DCT,KIA,2021,Petrol,"27,310",Automatic,₹9.35 Lakh,Delhi
Tata NEXON XZ PLUS (O) PETROL DARK EDITION,NEXON XZ PLUS (O) PETROL DARK EDITION,Tata,2022,Petrol,"28,067",Manual,₹9.85 Lakh,Delhi
Maruti Ciaz DELTA AT 1.5 SHVS PETROL,Ciaz DELTA AT 1.5 SHVS PETROL,Maruti,2019,Petrol,"52,112",Automatic,₹7.57 Lakh,Delhi
Maruti Baleno DELTA PETROL 1.2,Baleno DELTA PETROL 1.2,Maruti,2021,Petrol,"18,460",Manual,₹5.76 Lakh,Delhi
Maruti Baleno ZETA PETROL 1.2,Baleno ZETA PETROL 1.2,Maruti,2020,Petrol,"7,922",Manual,₹6.61 Lakh,Delhi
Maruti Wagon R 1.0 VXI,Wagon R 1.0 VXI,Maruti,2015,Petrol,"46,592",Manual,₹3.03 Lakh,Delhi
Hyundai Verna 1.6 VTVT SX (O) AT,Verna 1.6 VTVT SX (O) AT,Hyundai,2017,Petrol,"1,01,051",Automatic,₹7.59 Lakh,Delhi
Tata NEXON XZA PLUS (O) PETROL DUAL TONE,NEXON XZA PLUS (O) PETROL DUAL TONE,Tata,2020,Petrol,"37,456",Automatic,₹8.63 Lakh,Delhi
MG HECTOR SMART 1.5 DCT PETROL,HECTOR SMART 1.5 DCT PETROL,MG,2019,Petrol,"14,172",Automatic,₹13.63 Lakh,Delhi
Hyundai Elite i20 MAGNA 1.2,Elite i20 MAGNA 1.2,Hyundai,2015,Petrol,"38,116",Manual,₹4.27 Lakh,Delhi
Maruti BREZZA ZXI SMART HYBRID ,BREZZA ZXI SMART HYBRID ,Maruti,2023,Petrol,"7,048",Manual,₹11.52 Lakh,Delhi
KIA CARNIVAL PREMIUM 2.2 7 STR,CARNIVAL PREMIUM 2.2 7 STR,KIA,2020,Diesel,"66,902",Automatic,₹19.16 Lakh,Delhi
Hyundai GRAND I10 NIOS SPORTZ 1.2 KAPPA VTVT,GRAND I10 NIOS SPORTZ 1.2 KAPPA VTVT,Hyundai,2019,Petrol,"29,932",Manual,₹5.20 Lakh,Delhi
Honda City 1.5L I-VTEC VX,City 1.5L I-VTEC VX,Honda,2017,Petrol,"99,063",Manual,₹6.78 Lakh,Delhi
Honda City 1.5L I-VTEC S MT,City 1.5L I-VTEC S MT,Honda,2011,Petrol,"44,976",Manual,₹2.65 Lakh,Delhi
Hyundai VENUE SX 1.0 TURBO IMT,VENUE SX 1.0 TURBO IMT,Hyundai,2021,Petrol,"43,632",Manual,₹8.37 Lakh,Delhi
Renault Kwid RXT 1.0 AMT (O),Kwid RXT 1.0 AMT (O),Renault,2019,Petrol,"13,568",Automatic,₹3.82 Lakh,Delhi
Maruti Celerio ZXI AMT,Celerio ZXI AMT,Maruti,2019,Petrol,"74,343",Automatic,₹4.32 Lakh,Delhi
Maruti Wagon R 1.0 LXI CNG,Wagon R 1.0 LXI CNG,Maruti,2017,CNG,"1,17,691",Manual,₹3.27 Lakh,Delhi
Hyundai Verna SX (O) 1.5 CRDI AT,Verna SX (O) 1.5 CRDI AT,Hyundai,2021,Diesel,"63,807",Automatic,₹11.49 Lakh,Delhi
Maruti Baleno DELTA PETROL 1.2,Baleno DELTA PETROL 1.2,Maruti,2018,Petrol,"77,462",Manual,₹4.45 Lakh,Delhi
Hyundai Creta SX 1.6 PETROL,Creta SX 1.6 PETROL,Hyundai,2019,Petrol,"21,240",Manual,₹8.66 Lakh,Delhi
Hyundai Elite i20 MAGNA PLUS 1.4 CRDI,Elite i20 MAGNA PLUS 1.4 CRDI,Hyundai,2019,Diesel,"62,874",Manual,₹6.20 Lakh,Delhi
Renault Kwid RXT 1.0 (O),Kwid RXT 1.0 (O),Renault,2021,CNG,"46,746",Manual,₹3.63 Lakh,Delhi
Hyundai Creta SX PLUS 1.6 PETROL,Creta SX PLUS 1.6 PETROL,Hyundai,2016,CNG,"84,938",Manual,₹6.99 Lakh,Delhi
Hyundai VENUE S+ 1.2,VENUE S+ 1.2,Hyundai,2022,Petrol,"9,796",Manual,₹7.97 Lakh,Delhi
Hyundai Creta SX 1.5 DIESEL,Creta SX 1.5 DIESEL,Hyundai,2021,Diesel,"25,879",Manual,₹13.82 Lakh,Delhi
KIA SONET HTK PLUS 1.2,SONET HTK PLUS 1.2,KIA,2022,Petrol,"12,265",Manual,₹8.59 Lakh,Delhi
Hyundai Creta SX 1.6 PETROL,Creta SX 1.6 PETROL,Hyundai,2018,Petrol,"30,720",Manual,₹9.16 Lakh,Delhi
Honda Amaze 1.2L I-VTEC S,Amaze 1.2L I-VTEC S,Honda,2019,Petrol,"39,901",Manual,₹5.16 Lakh,Delhi
Maruti Baleno SIGMA PETROL 1.2,Baleno SIGMA PETROL 1.2,Maruti,2020,Petrol,"34,638",Manual,₹5.43 Lakh,Delhi
Maruti Baleno DELTA PETROL 1.2,Baleno DELTA PETROL 1.2,Maruti,2019,CNG,"47,849",Manual,₹5.54 Lakh,Delhi
Honda Amaze 1.2L I-VTEC S,Amaze 1.2L I-VTEC S,Honda,2019,Petrol,"47,429",Manual,₹5.49 Lakh,Delhi
Maruti New Wagon-R VXI 1.2 AMT,New Wagon-R VXI 1.2 AMT,Maruti,2019,Petrol,"12,716",Automatic,₹5.09 Lakh,Delhi
Maruti Swift VXI,Swift VXI,Maruti,2023,Petrol,"10,050",Manual,₹6.80 Lakh,Delhi
Tata NEXON XZ PLUS PETROL SUNROOF,NEXON XZ PLUS PETROL SUNROOF,Tata,2023,Petrol,"24,415",Manual,₹10.00 Lakh,Delhi
Maruti Ciaz VXI+,Ciaz VXI+,Maruti,2015,Petrol,"56,400",Manual,₹4.85 Lakh,Delhi
Hyundai VENUE SX 1.0 (O) TURBO,VENUE SX 1.0 (O) TURBO,Hyundai,2019,Petrol,"57,649",Manual,₹7.44 Lakh,Delhi
Maruti IGNIS SIGMA 1.2,IGNIS SIGMA 1.2,Maruti,2021,Petrol,"17,472",Manual,₹4.75 Lakh,Delhi
Nissan MAGNITE XV DUAL TONE,MAGNITE XV DUAL TONE,Nissan,2022,Petrol,"20,512",Manual,₹6.73 Lakh,Delhi
Volkswagen Polo COMFORTLINE 1.2L PETROL,Polo COMFORTLINE 1.2L PETROL,Volkswagen,2011,Petrol,"76,491",Manual,₹2.06 Lakh,Delhi
KIA SONET HTK PLUS 1.5,SONET HTK PLUS 1.5,KIA,2020,Diesel,"67,883",Manual,₹8.17 Lakh,Delhi
Volkswagen Vento HIGHLINE PLUS 1.0L TSI,Vento HIGHLINE PLUS 1.0L TSI,Volkswagen,2020,Petrol,"43,444",Manual,₹9.97 Lakh,Delhi
Tata Tiago XZ PLUS CNG,Tiago XZ PLUS CNG,Tata,2022,CNG,"16,775",Manual,₹6.10 Lakh,Delhi
Mahindra Thar LX PETROL HT 4WD AT,Thar LX PETROL HT 4WD AT,Mahindra,2021,Petrol,"38,659",Automatic,₹12.59 Lakh,Delhi
Honda Amaze 1.2L I-VTEC EX,Amaze 1.2L I-VTEC EX,Honda,2013,Petrol,"1,07,855",Manual,₹2.73 Lakh,Delhi
Maruti Alto VXI,Alto VXI,Maruti,2020,Petrol,"35,457",Manual,₹3.33 Lakh,Delhi
Honda City 1.5L I-VTEC V MT,City 1.5L I-VTEC V MT,Honda,2015,Petrol,"48,941",Manual,₹5.44 Lakh,Delhi
Jeep Compass SPORT PLUS 2.0 DIESEL,Compass SPORT PLUS 2.0 DIESEL,Jeep,2019,Diesel,"45,323",Manual,₹9.94 Lakh,Delhi
Hyundai Creta S 1.5 PETROL,Creta S 1.5 PETROL,Hyundai,2021,Petrol,"20,633",Manual,₹11.18 Lakh,Delhi
Honda Jazz 1.2L I-VTEC V,Jazz 1.2L I-VTEC V,Honda,2019,Petrol,"54,689",Manual,₹5.66 Lakh,Delhi
Maruti Swift VXI,Swift VXI,Maruti,2023,Petrol,"14,887",Manual,₹6.38 Lakh,Delhi
Hyundai Creta BASE 1.6 PETROL,Creta BASE 1.6 PETROL,Hyundai,2016,Petrol,"82,912",Manual,₹5.92 Lakh,Delhi
Renault TRIBER RXL MT,TRIBER RXL MT,Renault,2022,Petrol,"21,089",Manual,₹5.98 Lakh,Delhi
Maruti Ciaz ALPHA 1.4 PETROL,Ciaz ALPHA 1.4 PETROL,Maruti,2017,Petrol,"43,537",Manual,₹6.44 Lakh,Delhi
Tata ALTROZ XT PETROL,ALTROZ XT PETROL,Tata,2020,Petrol,"44,696",Manual,₹5.97 Lakh,Delhi
Hyundai NEW I20 ASTA (O) 1.0 TURBO GDI DCT,NEW I20 ASTA (O) 1.0 TURBO GDI DCT,Hyundai,2021,Petrol,"20,607",Automatic,₹8.94 Lakh,Delhi
Mahindra Thar LX PETROL HT 4WD AT,Thar LX PETROL HT 4WD AT,Mahindra,2021,Petrol,"19,467",Automatic,₹13.95 Lakh,Delhi
Maruti Alto LXI O,Alto LXI O,Maruti,2022,Petrol,"4,848",Manual,₹3.73 Lakh,Delhi
MG HECTOR SHARP 2.0 DIESEL,HECTOR SHARP 2.0 DIESEL,MG,2019,Diesel,"33,306",Manual,₹12.86 Lakh,Delhi
Maruti Baleno DELTA PETROL 1.2,Baleno DELTA PETROL 1.2,Maruti,2020,Petrol,"31,279",Manual,₹6.03 Lakh,Delhi
Maruti Swift VXI ABS,Swift VXI ABS,Maruti,2016,Petrol,"40,875",Manual,₹4.69 Lakh,Delhi
Hyundai Creta SX PLUS AT 1.6 PETROL,Creta SX PLUS AT 1.6 PETROL,Hyundai,2016,Petrol,"1,01,240",Automatic,₹7.21 Lakh,Delhi
Maruti S PRESSO LXI,S PRESSO LXI,Maruti,2020,Petrol,"26,213",Manual,₹3.25 Lakh,Delhi
Maruti Dzire VXI AMT,Dzire VXI AMT,Maruti,2021,Petrol,"49,622",Automatic,₹6.53 Lakh,Delhi
Tata ALTROZ XM PLUS PETROL,ALTROZ XM PLUS PETROL,Tata,2021,Petrol,"43,427",Manual,₹5.77 Lakh,Delhi
KIA SELTOS GTX PLUS DCT 1.4 PETROL,SELTOS GTX PLUS DCT 1.4 PETROL,KIA,2019,Petrol,"24,009",Automatic,₹13.58 Lakh,Delhi
Tata PUNCH CREATIVE AMT 1.2 RTN DUAL TONE,PUNCH CREATIVE AMT 1.2 RTN DUAL TONE,Tata,2021,Petrol,"14,582",Automatic,₹7.74 Lakh,Delhi
Hyundai VENUE SX 1.0 TURBO,VENUE SX 1.0 TURBO,Hyundai,2019,Petrol,"48,008",Manual,₹8.06 Lakh,Delhi
Maruti Baleno ZETA PETROL 1.2,Baleno ZETA PETROL 1.2,Maruti,2020,Petrol,"34,834",Manual,₹6.26 Lakh,Delhi
Tata Tiago XT PETROL,Tiago XT PETROL,Tata,2021,Petrol,"38,180",Manual,₹5.01 Lakh,Delhi
Hyundai Creta SX AT 1.6 DIESEL,Creta SX AT 1.6 DIESEL,Hyundai,2019,Diesel,"67,168",Automatic,₹10.60 Lakh,Delhi
Maruti S PRESSO VXI+,S PRESSO VXI+,Maruti,2020,Petrol,"15,966",Manual,₹3.97 Lakh,Delhi
Nissan MAGNITE XE,MAGNITE XE,Nissan,2022,Petrol,"31,760",Manual,₹5.65 Lakh,Delhi
MG HECTOR SMART 1.5 DCT PETROL,HECTOR SMART 1.5 DCT PETROL,MG,2019,Petrol,"8,487",Automatic,₹14.04 Lakh,Delhi
Maruti Baleno SIGMA PETROL 1.2,Baleno SIGMA PETROL 1.2,Maruti,2017,Petrol,"44,732",Manual,₹4.38 Lakh,Delhi
Renault Kwid CLIMBER 1.0 AMT (O),Kwid CLIMBER 1.0 AMT (O),Renault,2020,Petrol,"45,704",Automatic,₹3.74 Lakh,Delhi
Maruti Celerio VXI AMT,Celerio VXI AMT,Maruti,2017,Petrol,"80,495",Automatic,₹3.58 Lakh,Delhi
Maruti Ciaz ALPHA 1.4 PETROL,Ciaz ALPHA 1.4 PETROL,Maruti,2017,Petrol,"93,015",Manual,₹5.77 Lakh,Delhi
Honda Amaze 1.2L I-VTEC S,Amaze 1.2L I-VTEC S,Honda,2020,Petrol,"52,036",Manual,₹5.79 Lakh,Delhi
Maruti Swift Dzire VXI,Swift Dzire VXI,Maruti,2013,Petrol,"82,412",Manual,₹2.87 Lakh,Delhi
Hyundai Eon MAGNA +,Eon MAGNA +,Hyundai,2013,Petrol,"67,222",Manual,₹1.92 Lakh,Delhi
Tata Tiago XZA PLUS DUAL TONE PETROL,Tiago XZA PLUS DUAL TONE PETROL,Tata,2020,Petrol,"33,731",Automatic,₹5.11 Lakh,Delhi
Hyundai Santro Xing GL PLUS,Santro Xing GL PLUS,Hyundai,2012,Petrol,"67,395",Manual,₹1.87 Lakh,Delhi
Honda City 1.5L I-VTEC ZX CVT,City 1.5L I-VTEC ZX CVT,Honda,2017,Petrol,"39,103",Automatic,₹8.04 Lakh,Delhi
Honda Amaze 1.2L I-VTEC V CVT,Amaze 1.2L I-VTEC V CVT,Honda,2018,CNG,"78,091",Automatic,₹6.03 Lakh,Delhi
Datsun Go Plus A(O),Go Plus A(O),Datsun,2019,Petrol,"27,695",Manual,₹4.00 Lakh,Delhi
Hyundai i10 SPORTZ 1.2,i10 SPORTZ 1.2,Hyundai,2010,Petrol,"74,002",Manual,₹1.44 Lakh,Delhi
Maruti IGNIS SIGMA 1.2,IGNIS SIGMA 1.2,Maruti,2021,Petrol,"25,742",Manual,₹4.76 Lakh,Delhi
Maruti Baleno ZETA PETROL 1.2,Baleno ZETA PETROL 1.2,Maruti,2020,Petrol,"55,790",Manual,₹6.36 Lakh,Delhi
Honda WR-V 1.2L I-VTEC VX MT,WR-V 1.2L I-VTEC VX MT,Honda,2019,Petrol,"17,242",Manual,₹7.26 Lakh,Delhi
Renault Kwid RXT 1.0 (O),Kwid RXT 1.0 (O),Renault,2019,Petrol,"34,562",Manual,₹3.47 Lakh,Delhi
Hyundai Verna FLUIDIC 1.6 VTVT SX OPT,Verna FLUIDIC 1.6 VTVT SX OPT,Hyundai,2013,Petrol,"91,163",Manual,₹3.97 Lakh,Delhi
Honda Jazz 1.2L I-VTEC V,Jazz 1.2L I-VTEC V,Honda,2016,Petrol,"79,166",Manual,₹3.86 Lakh,Delhi
Hyundai Creta SX PLUS 1.6 PETROL,Creta SX PLUS 1.6 PETROL,Hyundai,2016,Petrol,"78,062",Manual,₹7.41 Lakh,Delhi
Maruti Ciaz VXI,Ciaz VXI,Maruti,2016,Petrol,"55,291",Manual,₹5.04 Lakh,Delhi
Tata ALTROZ XE PETROL,ALTROZ XE PETROL,Tata,2020,Petrol,"61,103",Manual,₹4.91 Lakh,Delhi
Tata Zest XT PETROL,Zest XT PETROL,Tata,2017,CNG,"66,656",Manual,₹4.22 Lakh,Delhi
Mahindra XUV500 W11 AT,XUV500 W11 AT,Mahindra,2019,Diesel,"36,344",Automatic,₹12.62 Lakh,Delhi
Hyundai Creta SX PLUS 1.6 PETROL,Creta SX PLUS 1.6 PETROL,Hyundai,2015,Petrol,"1,02,963",Manual,₹6.00 Lakh,Delhi
Toyota Glanza G CVT,Glanza G CVT,Toyota,2019,Petrol,"55,311",Automatic,₹6.41 Lakh,Delhi
Tata TIAGO EV XT LONG RANGE,TIAGO EV XT LONG RANGE,Tata,2023,Electric,"9,789",Automatic,₹9.00 Lakh,Delhi
Honda WR-V 1.2L I-VTEC S MT,WR-V 1.2L I-VTEC S MT,Honda,2018,Petrol,"17,932",Manual,₹5.41 Lakh,Delhi
Maruti BREZZA ZXI SMART HYBRID DUAL TONE,BREZZA ZXI SMART HYBRID DUAL TONE,Maruti,2022,Petrol,"28,284",Manual,₹10.49 Lakh,Delhi
Maruti Dzire ZXI Plus AMT,Dzire ZXI Plus AMT,Maruti,2021,Petrol,"23,264",Automatic,₹7.06 Lakh,Delhi
Tata NEXON XZA PLUS PETROL,NEXON XZA PLUS PETROL,Tata,2022,Petrol,"12,616",Automatic,₹9.87 Lakh,Delhi
Tata NEXON XZA PLUS SUNROOF PETROL,NEXON XZA PLUS SUNROOF PETROL,Tata,2020,Petrol,"62,116",Automatic,₹8.07 Lakh,Delhi
KIA SONET HTX 1.0 IMT,SONET HTX 1.0 IMT,KIA,2022,Petrol,"29,811",Manual,₹10.14 Lakh,Delhi
Maruti Baleno DELTA CVT PETROL 1.2,Baleno DELTA CVT PETROL 1.2,Maruti,2017,Petrol,"50,509",Automatic,₹4.95 Lakh,Delhi
KIA SONET HTK 1.5,SONET HTK 1.5,KIA,2022,Diesel,"23,502",Manual,₹9.55 Lakh,Delhi
Maruti New Wagon-R LXI 1.0,New Wagon-R LXI 1.0,Maruti,2020,Petrol,"24,266",Manual,₹4.79 Lakh,Delhi
Maruti Baleno ALPHA 1.2 AGS,Baleno ALPHA 1.2 AGS,Maruti,2022,Petrol,"27,052",Automatic,₹8.35 Lakh,Delhi
Volkswagen Vento HIGHLINE PLUS 1.2 AT 16 ALLOY,Vento HIGHLINE PLUS 1.2 AT 16 ALLOY,Volkswagen,2017,Petrol,"95,879",Automatic,₹5.82 Lakh,Delhi
Maruti Wagon R 1.0 LXI,Wagon R 1.0 LXI,Maruti,2014,Petrol,"64,539",Manual,₹2.41 Lakh,Delhi
Mahindra XUV300 W8 1.2 PETROL,XUV300 W8 1.2 PETROL,Mahindra,2019,Petrol,"17,531",Manual,₹7.74 Lakh,Delhi
Hyundai Elite i20 MAGNA PLUS 1.4 CRDI,Elite i20 MAGNA PLUS 1.4 CRDI,Hyundai,2019,Diesel,"60,699",Manual,₹6.15 Lakh,Delhi
Hyundai Grand i10 MAGNA 1.2 KAPPA VTVT,Grand i10 MAGNA 1.2 KAPPA VTVT,Hyundai,2018,Petrol,"40,186",Manual,₹3.96 Lakh,Delhi
Maruti Ciaz ALPHA  AT 1.4  PETROL,Ciaz ALPHA  AT 1.4  PETROL,Maruti,2018,Petrol,"48,743",Automatic,₹6.99 Lakh,Delhi
Ford Ecosport TITANIUM + 1.5L PETROL AT,Ecosport TITANIUM + 1.5L PETROL AT,Ford,2019,Petrol,"58,384",Automatic,₹7.18 Lakh,Delhi
Tata NEXON XZA PLUS (O) PETROL,NEXON XZA PLUS (O) PETROL,Tata,2022,Petrol,"30,129",Automatic,₹10.04 Lakh,Delhi
Hyundai Creta SX AT 1.5 DIESEL,Creta SX AT 1.5 DIESEL,Hyundai,2020,Diesel,"73,831",Automatic,₹12.66 Lakh,Delhi
Volkswagen Polo COMFORTLINE 1.0L MPI,Polo COMFORTLINE 1.0L MPI,Volkswagen,2018,Petrol,"96,717",Manual,₹5.30 Lakh,Delhi
KIA SONET HTX 1.0 IMT,SONET HTX 1.0 IMT,KIA,2022,Petrol,"36,545",Manual,₹10.14 Lakh,Delhi
Tata Harrier XZA PLUS 2.0L KAZIRANGA,Harrier XZA PLUS 2.0L KAZIRANGA,Tata,2021,Diesel,"21,995",Automatic,₹16.44 Lakh,Delhi
Tata ALTROZ XM PLUS PETROL,ALTROZ XM PLUS PETROL,Tata,2021,Petrol,"40,167",Manual,₹5.91 Lakh,Delhi
Datsun Go ANNIVERSARY EDITION,Go ANNIVERSARY EDITION,Datsun,2017,Petrol,"50,724",Manual,₹2.75 Lakh,Delhi
Honda Amaze 1.5L I-DTEC E,Amaze 1.5L I-DTEC E,Honda,2019,Diesel,"43,683",Manual,₹5.78 Lakh,Delhi
Honda Amaze 1.2L I-VTEC VX,Amaze 1.2L I-VTEC VX,Honda,2019,Petrol,"67,922",Manual,₹5.82 Lakh,Delhi
Honda Amaze 1.2L I-VTEC S,Amaze 1.2L I-VTEC S,Honda,2017,Petrol,"68,484",Manual,₹4.24 Lakh,Delhi
Honda City 1.5L I-VTEC VX CVT,City 1.5L I-VTEC VX CVT,Honda,2014,Petrol,"94,423",Automatic,₹4.77 Lakh,Delhi
Maruti Baleno DELTA PETROL 1.2,Baleno DELTA PETROL 1.2,Maruti,2020,Petrol,"60,770",Manual,₹5.97 Lakh,Delhi
Renault TRIBER RXE MT,TRIBER RXE MT,Renault,2021,Petrol,"28,929",Manual,₹5.25 Lakh,Delhi
Hyundai i20 SPORTZ 1.2,i20 SPORTZ 1.2,Hyundai,2014,Petrol,"78,713",Manual,₹3.47 Lakh,Delhi
Tata NEXON XZA PLUS PETROL,NEXON XZA PLUS PETROL,Tata,2021,Petrol,"17,824",Automatic,₹9.16 Lakh,Delhi
Honda WR-V 1.2L I-VTEC VX MT,WR-V 1.2L I-VTEC VX MT,Honda,2018,Petrol,"41,090",Manual,₹6.42 Lakh,Delhi
Toyota Corolla Altis VL CVT PETROL,Corolla Altis VL CVT PETROL,Toyota,2015,Petrol,"1,00,681",Automatic,₹7.97 Lakh,Delhi
KIA SONET HTX 1.0 IMT,SONET HTX 1.0 IMT,KIA,2022,Petrol,"20,224",Manual,₹9.20 Lakh,Delhi
Maruti Baleno ALPHA PETROL 1.2,Baleno ALPHA PETROL 1.2,Maruti,2017,Petrol,"65,806",Manual,₹5.03 Lakh,Delhi
Tata NEXON XZA PLUS PETROL DUAL TONE,NEXON XZA PLUS PETROL DUAL TONE,Tata,2018,Petrol,"85,837",Automatic,₹6.65 Lakh,Delhi
Maruti Baleno ZETA PETROL 1.2,Baleno ZETA PETROL 1.2,Maruti,2020,Petrol,"25,476",Manual,₹6.28 Lakh,Delhi
Honda City 1.5L I-VTEC S MT,City 1.5L I-VTEC S MT,Honda,2011,Petrol,"61,200",Manual,₹2.46 Lakh,Delhi
Hyundai i10 MAGNA 1.2,i10 MAGNA 1.2,Hyundai,2012,Petrol,"30,532",Manual,₹2.09 Lakh,Delhi
Hyundai Santro Xing GLS,Santro Xing GLS,Hyundai,2010,Petrol,"55,306",Manual,₹1.13 Lakh,Delhi
Volkswagen Ameo HIGHLINE PLUS 1.5L AT 16 ALLOY,Ameo HIGHLINE PLUS 1.5L AT 16 ALLOY,Volkswagen,2019,Diesel,"67,945",Automatic,₹4.26 Lakh,Delhi
Tata NEXON XZ PLUS PETROL,NEXON XZ PLUS PETROL,Tata,2020,Petrol,"62,246",Manual,₹7.36 Lakh,Delhi
Hyundai XCENT PRIME 	T+ CNG,XCENT PRIME 	T+ CNG,Hyundai,2021,CNG,"30,541",Manual,₹6.38 Lakh,Delhi
Honda City 1.5L I-VTEC ZX CVT,City 1.5L I-VTEC ZX CVT,Honda,2018,Petrol,"82,136",Automatic,₹7.74 Lakh,Delhi
Maruti New Wagon-R VXI 1.0 AMT,New Wagon-R VXI 1.0 AMT,Maruti,2022,Petrol,"22,666",Automatic,₹5.92 Lakh,Delhi
Tata Tiago XZ PLUS CNG,Tiago XZ PLUS CNG,Tata,2022,CNG,"36,087",Manual,₹6.62 Lakh,Delhi
Honda City 1.5L I-VTEC V AT,City 1.5L I-VTEC V AT,Honda,2012,Petrol,"89,613",Automatic,₹3.08 Lakh,Delhi
Volkswagen Polo TRENDLINE 1.2L PETROL,Polo TRENDLINE 1.2L PETROL,Volkswagen,2011,Petrol,"49,229",Manual,₹2.17 Lakh,Delhi
Mahindra XUV300 W8 (O) 1.2 PETROL AMT,XUV300 W8 (O) 1.2 PETROL AMT,Mahindra,2022,Petrol,"13,045",Automatic,₹11.39 Lakh,Delhi
Maruti Wagon R 1.0 LXI,Wagon R 1.0 LXI,Maruti,2014,Petrol,"53,117",Manual,₹2.65 Lakh,Delhi
Maruti Wagon R 1.0 VXI,Wagon R 1.0 VXI,Maruti,2016,Petrol,"1,21,389",Manual,₹2.92 Lakh,Delhi
Jeep Compass SPORT PLUS 1.4 PETROL,Compass SPORT PLUS 1.4 PETROL,Jeep,2020,Petrol,"75,716",Manual,₹11.02 Lakh,Delhi
Maruti Swift ZXI,Swift ZXI,Maruti,2017,Petrol,"63,367",Manual,₹4.82 Lakh,Delhi
Maruti S PRESSO VXI+,S PRESSO VXI+,Maruti,2020,Petrol,"43,002",Manual,₹3.67 Lakh,Delhi
Maruti Baleno DELTA PETROL 1.2,Baleno DELTA PETROL 1.2,Maruti,2020,CNG,"59,534",Manual,₹6.27 Lakh,Delhi
Hyundai NEW SANTRO SPORTZ AMT,NEW SANTRO SPORTZ AMT,Hyundai,2019,Petrol,"65,109",Automatic,₹4.17 Lakh,Delhi
Hyundai Creta S 1.6 PETROL,Creta S 1.6 PETROL,Hyundai,2016,Petrol,"77,095",Manual,₹7.00 Lakh,Delhi
Maruti S PRESSO VXI CNG,S PRESSO VXI CNG,Maruti,2020,CNG,"64,311",Manual,₹4.29 Lakh,Delhi
Maruti Celerio ZXI AMT,Celerio ZXI AMT,Maruti,2016,Petrol,"37,597",Automatic,₹3.79 Lakh,Delhi
Ford Ecosport TREND + 1.5L PETROL AT,Ecosport TREND + 1.5L PETROL AT,Ford,2018,Petrol,"75,985",Automatic,₹6.48 Lakh,Delhi
Maruti Baleno ZETA PETROL 1.2,Baleno ZETA PETROL 1.2,Maruti,2020,Petrol,"31,845",Manual,₹6.46 Lakh,Delhi
Maruti Alto K10 LXI,Alto K10 LXI,Maruti,2023,Petrol,"14,943",Manual,₹4.35 Lakh,Delhi
Maruti Baleno DELTA PETROL 1.2,Baleno DELTA PETROL 1.2,Maruti,2017,Petrol,"32,348",Manual,₹4.86 Lakh,Delhi
Maruti Wagon R 1.0 LXI CNG,Wagon R 1.0 LXI CNG,Maruti,2018,CNG,"80,107",Manual,₹3.94 Lakh,Delhi
Maruti Baleno ZETA CVT PETROL 1.2,Baleno ZETA CVT PETROL 1.2,Maruti,2021,Petrol,"39,864",Automatic,₹7.53 Lakh,Delhi
Maruti Swift ZXI PLUS,Swift ZXI PLUS,Maruti,2022,Petrol,"24,626",Manual,₹7.21 Lakh,Delhi
Volkswagen Polo COMFORTLINE 1.2L PETROL,Polo COMFORTLINE 1.2L PETROL,Volkswagen,2013,Petrol,"70,274",Manual,₹2.82 Lakh,Delhi
Hyundai i20 SPORTZ 1.2,i20 SPORTZ 1.2,Hyundai,2011,Petrol,"73,031",Manual,₹1.83 Lakh,Delhi
Tata Tiago XZ PLUS PETROL,Tiago XZ PLUS PETROL,Tata,2020,Petrol,"66,943",Manual,₹5.36 Lakh,Delhi
Hyundai i20 SPORTZ 1.2,i20 SPORTZ 1.2,Hyundai,2014,Petrol,"85,084",Manual,₹3.42 Lakh,Delhi
Honda City 1.5L I-VTEC V MT,City 1.5L I-VTEC V MT,Honda,2014,Petrol,"43,980",Manual,₹4.84 Lakh,Delhi
Maruti Ciaz VXI+,Ciaz VXI+,Maruti,2015,Petrol,"1,19,077",Manual,₹4.35 Lakh,Delhi
Nissan MAGNITE XE,MAGNITE XE,Nissan,2022,Petrol,"13,843",Manual,₹5.65 Lakh,Delhi
Honda Brio S(O) MT,Brio S(O) MT,Honda,2012,Petrol,"35,069",Manual,₹2.21 Lakh,Delhi
Honda City 1.5L I-VTEC V MT,City 1.5L I-VTEC V MT,Honda,2015,Petrol,"83,104",Manual,₹4.84 Lakh,Delhi
Maruti Alto LXI O,Alto LXI O,Maruti,2022,Petrol,"21,337",Manual,₹3.52 Lakh,Delhi
Maruti Celerio VXI CNG,Celerio VXI CNG,Maruti,2022,CNG,"23,928",Manual,₹5.69 Lakh,Delhi
Maruti New Wagon-R VXI 1.2,New Wagon-R VXI 1.2,Maruti,2020,Petrol,"30,400",Manual,₹4.82 Lakh,Delhi
Honda Brio VX AT,Brio VX AT,Honda,2015,Petrol,"44,303",Automatic,₹3.93 Lakh,Delhi
Hyundai Creta SX PLUS AT 1.6 PETROL,Creta SX PLUS AT 1.6 PETROL,Hyundai,2017,Petrol,"74,436",Automatic,₹8.26 Lakh,Delhi
Mahindra KUV 100 NXT K6+ D 6 STR,KUV 100 NXT K6+ D 6 STR,Mahindra,2018,Diesel,"63,935",Manual,₹4.31 Lakh,Delhi
Tata TIGOR XE PETROL,TIGOR XE PETROL,Tata,2021,Petrol,"24,927",Manual,₹5.15 Lakh,Delhi
Honda City 1.5L I-VTEC E MT,City 1.5L I-VTEC E MT,Honda,2014,Petrol,"47,069",Manual,₹4.52 Lakh,Delhi
Maruti Wagon R 1.0 LXI,Wagon R 1.0 LXI,Maruti,2014,Petrol,"32,631",Manual,₹2.84 Lakh,Delhi
Renault Kiger RXZ AMT,Kiger RXZ AMT,Renault,2021,Petrol,"30,195",Automatic,₹7.08 Lakh,Delhi
Renault TRIBER RXZ,TRIBER RXZ,Renault,2020,Petrol,"48,169",Manual,₹5.61 Lakh,Delhi
Honda Amaze 1.2L I-VTEC S,Amaze 1.2L I-VTEC S,Honda,2019,Petrol,"37,264",Manual,₹5.32 Lakh,Delhi
Nissan MAGNITE XE,MAGNITE XE,Nissan,2022,Petrol,"19,900",Manual,₹5.65 Lakh,Delhi
Maruti Baleno ZETA CVT PETROL 1.2,Baleno ZETA CVT PETROL 1.2,Maruti,2018,Petrol,"18,854",Automatic,₹6.30 Lakh,Delhi
Hyundai Grand i10 SPORTZ (O) 1.2 KAPPA VTVT,Grand i10 SPORTZ (O) 1.2 KAPPA VTVT,Hyundai,2017,Petrol,"73,097",Manual,₹3.94 Lakh,Delhi
Jeep Compass SPORT PLUS 1.4 PETROL,Compass SPORT PLUS 1.4 PETROL,Jeep,2019,Petrol,"59,431",Manual,₹11.14 Lakh,Delhi
Tata Safari XMA,Safari XMA,Tata,2022,Diesel,"20,858",Automatic,₹17.15 Lakh,Delhi
KIA SELTOS GTX PLUS DCT 1.4 PETROL,SELTOS GTX PLUS DCT 1.4 PETROL,KIA,2019,Petrol,"49,161",Automatic,₹13.63 Lakh,Delhi
Mahindra XUV500 W5,XUV500 W5,Mahindra,2019,Diesel,"45,630",Manual,₹9.38 Lakh,Delhi
Hyundai Creta BASE 1.6 PETROL,Creta BASE 1.6 PETROL,Hyundai,2016,Petrol,"65,480",Manual,₹6.56 Lakh,Delhi
Hyundai NEW SANTRO SPORTZ MT,NEW SANTRO SPORTZ MT,Hyundai,2019,Petrol,"24,771",Manual,₹4.41 Lakh,Delhi
Tata Tiago XTA PETROL,Tiago XTA PETROL,Tata,2017,Petrol,"1,02,235",Automatic,₹3.84 Lakh,Delhi
Honda City 1.5L I-VTEC V MT,City 1.5L I-VTEC V MT,Honda,2015,Petrol,"91,368",Manual,₹5.07 Lakh,Delhi
Maruti Alto K10 VXI,Alto K10 VXI,Maruti,2011,Petrol,"63,048",Manual,₹1.60 Lakh,Delhi
Maruti Baleno DELTA PETROL 1.2,Baleno DELTA PETROL 1.2,Maruti,2018,Petrol,"73,594",Manual,₹4.94 Lakh,Delhi
Hyundai VENUE SX 1.0 TURBO,VENUE SX 1.0 TURBO,Hyundai,2021,Petrol,"29,239",Manual,₹8.57 Lakh,Delhi
Maruti Alto VXI PLUS,Alto VXI PLUS,Maruti,2023,Petrol,"17,825",Manual,₹4.00 Lakh,Delhi
Maruti IGNIS DELTA 1.2 AMT,IGNIS DELTA 1.2 AMT,Maruti,2018,CNG,"1,00,481",Automatic,₹4.49 Lakh,Delhi
Honda City 1.5L I-VTEC VX,City 1.5L I-VTEC VX,Honda,2016,Petrol,"77,228",Manual,₹6.31 Lakh,Delhi
Maruti New Wagon-R VXI (O) 1.0,New Wagon-R VXI (O) 1.0,Maruti,2019,Petrol,"5,464",Manual,₹4.80 Lakh,Delhi
Maruti Baleno DELTA PETROL 1.2,Baleno DELTA PETROL 1.2,Maruti,2021,Petrol,"29,923",Manual,₹6.33 Lakh,Delhi
Maruti New Wagon-R LXI (O) 1.0,New Wagon-R LXI (O) 1.0,Maruti,2021,Petrol,"9,292",Manual,₹4.87 Lakh,Delhi
Hyundai Grand i10 SPORTZ 1.2 KAPPA VTVT,Grand i10 SPORTZ 1.2 KAPPA VTVT,Hyundai,2020,Petrol,"22,924",Manual,₹5.46 Lakh,Delhi
Maruti Swift VXI,Swift VXI,Maruti,2012,Petrol,"90,847",Manual,₹2.64 Lakh,Delhi
Maruti New Wagon-R VXI (O) 1.2,New Wagon-R VXI (O) 1.2,Maruti,2022,Petrol,"12,195",Manual,₹5.33 Lakh,Delhi
Jeep Compass LIMITED PLUS DIESEL 4X4,Compass LIMITED PLUS DIESEL 4X4,Jeep,2019,Diesel,"36,398",Manual,₹13.85 Lakh,Delhi
Maruti Vitara Brezza ZDI,Vitara Brezza ZDI,Maruti,2019,Diesel,"1,02,604",Manual,₹6.86 Lakh,Delhi
Renault TRIBER RXZ AMT,TRIBER RXZ AMT,Renault,2021,Petrol,"24,190",Automatic,₹6.93 Lakh,Delhi
Mahindra XUV300 W8 (O) 1.5 DIESEL,XUV300 W8 (O) 1.5 DIESEL,Mahindra,2021,Diesel,"18,252",Manual,₹10.01 Lakh,Delhi
Maruti Baleno DELTA PETROL 1.2,Baleno DELTA PETROL 1.2,Maruti,2021,Petrol,"25,705",Manual,₹6.43 Lakh,Delhi
Tata NEXON XZA PLUS PETROL,NEXON XZA PLUS PETROL,Tata,2019,Petrol,"61,470",Automatic,₹7.33 Lakh,Delhi
Maruti Baleno DELTA CVT PETROL 1.2,Baleno DELTA CVT PETROL 1.2,Maruti,2018,Petrol,"70,189",Automatic,₹5.36 Lakh,Delhi
Datsun Go Plus T(O),Go Plus T(O),Datsun,2019,Petrol,"30,616",Manual,₹4.51 Lakh,Delhi
Maruti Swift VXI,Swift VXI,Maruti,2018,Petrol,"36,970",Manual,₹5.17 Lakh,Delhi
Maruti Swift Dzire VXI,Swift Dzire VXI,Maruti,2012,Petrol,"21,338",Manual,₹3.09 Lakh,Delhi
Honda Amaze 1.2L I-VTEC S,Amaze 1.2L I-VTEC S,Honda,2019,Petrol,"56,996",Manual,₹5.54 Lakh,Delhi
Maruti Dzire LXI,Dzire LXI,Maruti,2017,Petrol,"22,263",Manual,₹4.70 Lakh,Delhi
Toyota Etios VX,Etios VX,Toyota,2011,Petrol,"71,433",Manual,₹2.41 Lakh,Delhi
Hyundai VENUE SX 1.0 TURBO,VENUE SX 1.0 TURBO,Hyundai,2020,Petrol,"25,041",Manual,₹8.30 Lakh,Delhi
KIA CARENS LUXURY PLUS 1.5 DIESEL AT 6 STR,CARENS LUXURY PLUS 1.5 DIESEL AT 6 STR,KIA,2022,Diesel,"23,444",Automatic,₹15.54 Lakh,Delhi
Renault TRIBER RXL MT,TRIBER RXL MT,Renault,2022,Petrol,"36,693",Manual,₹5.76 Lakh,Delhi
Hyundai i10 MAGNA 1.2,i10 MAGNA 1.2,Hyundai,2011,Petrol,"75,338",Manual,₹1.82 Lakh,Delhi
Nissan Micra XV CVT,Micra XV CVT,Nissan,2015,Petrol,"54,767",Automatic,₹3.47 Lakh,Delhi
Jeep Compass LONGITUDE (O) 2.0 DIESEL,Compass LONGITUDE (O) 2.0 DIESEL,Jeep,2019,Diesel,"87,927",Manual,₹10.36 Lakh,Delhi
Maruti Celerio X ZXI (O) AMT,Celerio X ZXI (O) AMT,Maruti,2018,Petrol,"50,012",Automatic,₹4.11 Lakh,Delhi
Maruti Baleno ZETA PETROL 1.2,Baleno ZETA PETROL 1.2,Maruti,2017,Petrol,"54,948",Manual,₹4.74 Lakh,Delhi
Tata NEXON XZ PETROL,NEXON XZ PETROL,Tata,2021,Petrol,"8,119",Manual,₹8.19 Lakh,Delhi
Tata Tiago XT CNG,Tiago XT CNG,Tata,2022,CNG,"12,693",Manual,₹6.33 Lakh,Delhi
Renault Kiger RXZ TURBO MT,Kiger RXZ TURBO MT,Renault,2021,Petrol,"46,266",Manual,₹7.14 Lakh,Delhi
Hyundai Creta SX PLUS AT 1.6 PETROL,Creta SX PLUS AT 1.6 PETROL,Hyundai,2016,Petrol,"90,739",Automatic,₹7.35 Lakh,Delhi
Maruti Ciaz ALPHA 1.5 SHVS PETROL,Ciaz ALPHA 1.5 SHVS PETROL,Maruti,2019,Petrol,"41,735",Manual,₹7.34 Lakh,Delhi
Renault Kwid RXT 1.0 AMT,Kwid RXT 1.0 AMT,Renault,2023,Petrol,"2,369",Automatic,₹5.09 Lakh,Delhi
Nissan MAGNITE XV PREMIUM DUAL TONE,MAGNITE XV PREMIUM DUAL TONE,Nissan,2021,Petrol,"42,886",Manual,₹7.17 Lakh,Delhi
Mahindra XUV500 W5,XUV500 W5,Mahindra,2019,Diesel,"54,955",Manual,₹8.95 Lakh,Delhi
Hyundai NEW SANTRO SPORTZ MT,NEW SANTRO SPORTZ MT,Hyundai,2019,Petrol,"62,309",Manual,₹4.17 Lakh,Delhi
Tata NEXON XZ PLUS (O) PETROL DUAL TONE,NEXON XZ PLUS (O) PETROL DUAL TONE,Tata,2020,Petrol,"43,032",Manual,₹8.25 Lakh,Delhi
Hyundai Creta SX PLUS AT 1.6 PETROL,Creta SX PLUS AT 1.6 PETROL,Hyundai,2017,Petrol,"95,409",Automatic,₹7.29 Lakh,Delhi
Honda Amaze 1.2L I-VTEC S,Amaze 1.2L I-VTEC S,Honda,2019,Petrol,"54,392",Manual,₹5.53 Lakh,Delhi
Maruti Baleno SIGMA PETROL 1.2,Baleno SIGMA PETROL 1.2,Maruti,2021,Petrol,"20,654",Manual,₹5.69 Lakh,Delhi
Tata NEXON XZ PLUS PETROL,NEXON XZ PLUS PETROL,Tata,2017,Petrol,"40,890",Manual,₹5.70 Lakh,Delhi
Maruti Baleno ZETA PETROL 1.2,Baleno ZETA PETROL 1.2,Maruti,2020,Petrol,"56,966",Manual,₹6.36 Lakh,Delhi
Nissan MAGNITE XV TURBO CVT,MAGNITE XV TURBO CVT,Nissan,2022,Petrol,"18,193",Automatic,₹7.05 Lakh,Delhi
Ford Ecosport TREND 1.5L PETROL,Ecosport TREND 1.5L PETROL,Ford,2017,Petrol,"43,277",Manual,₹5.40 Lakh,Delhi
Renault TRIBER RXZ,TRIBER RXZ,Renault,2023,Petrol,"14,050",Manual,₹6.74 Lakh,Delhi
Maruti Ciaz DELTA 1.5 SHVS MT PETROL,Ciaz DELTA 1.5 SHVS MT PETROL,Maruti,2018,Petrol,"51,690",Manual,₹6.60 Lakh,Delhi
Tata TIAGO NRG PETROL,TIAGO NRG PETROL,Tata,2018,Petrol,"35,764",Manual,₹4.30 Lakh,Delhi
Maruti New Wagon-R LXI CNG (O) 1.0,New Wagon-R LXI CNG (O) 1.0,Maruti,2020,CNG,"18,852",Manual,₹5.12 Lakh,Delhi
Hyundai i20 MAGNA 1.2,i20 MAGNA 1.2,Hyundai,2013,Petrol,"69,108",Manual,₹2.67 Lakh,Delhi
Hyundai Grand i10 ASTA AT 1.2 KAPPA VTVT,Grand i10 ASTA AT 1.2 KAPPA VTVT,Hyundai,2015,Petrol,"16,739",Automatic,₹4.29 Lakh,Delhi
Maruti Wagon R 1.0 VXI,Wagon R 1.0 VXI,Maruti,2014,Petrol,"72,090",Manual,₹2.72 Lakh,Delhi
Maruti Baleno ZETA PETROL 1.2,Baleno ZETA PETROL 1.2,Maruti,2018,Petrol,"45,853",Manual,₹5.22 Lakh,Delhi
Maruti Baleno ZETA CVT PETROL 1.2,Baleno ZETA CVT PETROL 1.2,Maruti,2019,Petrol,"15,895",Automatic,₹6.76 Lakh,Delhi
Maruti New Wagon-R LXI CNG (O) 1.0,New Wagon-R LXI CNG (O) 1.0,Maruti,2020,CNG,"72,472",Manual,₹5.03 Lakh,Delhi
Honda Amaze 1.2L I-VTEC S,Amaze 1.2L I-VTEC S,Honda,2019,Petrol,"24,871",Manual,₹5.87 Lakh,Delhi
Maruti Swift VXI,Swift VXI,Maruti,2013,Petrol,"63,029",Manual,₹2.89 Lakh,Delhi
Maruti Swift Dzire VXI,Swift Dzire VXI,Maruti,2012,Petrol,"43,425",Manual,₹2.61 Lakh,Delhi
Maruti New Wagon-R ZXI 1.2,New Wagon-R ZXI 1.2,Maruti,2022,Petrol,"32,238",Manual,₹4.98 Lakh,Delhi
Maruti Swift LXI (O),Swift LXI (O),Maruti,2017,Petrol,"42,401",Manual,₹4.15 Lakh,Delhi
Maruti Baleno ALPHA CVT PETROL 1.2,Baleno ALPHA CVT PETROL 1.2,Maruti,2020,Petrol,"15,673",Automatic,₹7.63 Lakh,Delhi
Maruti Baleno DELTA PETROL 1.2,Baleno DELTA PETROL 1.2,Maruti,2021,Petrol,"30,880",Manual,₹6.43 Lakh,Delhi
Tata NEXON XZA PLUS PETROL,NEXON XZA PLUS PETROL,Tata,2021,Petrol,"36,473",Automatic,₹9.17 Lakh,Delhi
Maruti Swift Dzire ZXI,Swift Dzire ZXI,Maruti,2014,Petrol,"78,609",Manual,₹3.39 Lakh,Delhi
Maruti Swift Dzire VXI,Swift Dzire VXI,Maruti,2012,Petrol,"54,292",Manual,₹2.94 Lakh,Delhi
Maruti Baleno ZETA PETROL 1.2,Baleno ZETA PETROL 1.2,Maruti,2019,Petrol,"59,602",Manual,₹5.61 Lakh,Delhi
Renault Kwid CLIMBER 1.0 (O) DUAL TONE,Kwid CLIMBER 1.0 (O) DUAL TONE,Renault,2022,Petrol,"26,176",Manual,₹4.55 Lakh,Delhi
Nissan MAGNITE XV PREMIUM TURBO CVT,MAGNITE XV PREMIUM TURBO CVT,Nissan,2022,Petrol,"42,637",Automatic,₹8.11 Lakh,Delhi
Maruti Baleno ZETA PETROL 1.2,Baleno ZETA PETROL 1.2,Maruti,2020,Petrol,"74,081",Manual,₹6.13 Lakh,Delhi
Honda City 1.5L I-VTEC V MT,City 1.5L I-VTEC V MT,Honda,2014,Petrol,"75,245",Manual,₹4.64 Lakh,Delhi
Hyundai NEW SANTRO SPORTZ MT,NEW SANTRO SPORTZ MT,Hyundai,2019,Petrol,"31,157",Manual,₹4.41 Lakh,Delhi
Toyota Etios Liva G SP,Etios Liva G SP,Toyota,2012,Petrol,"77,476",Manual,₹2.43 Lakh,Delhi
Maruti Swift Dzire ZXI,Swift Dzire ZXI,Maruti,2015,Petrol,"43,488",Manual,₹4.24 Lakh,Delhi
Maruti Ciaz ZXI+,Ciaz ZXI+,Maruti,2016,Petrol,"87,163",Manual,₹5.15 Lakh,Delhi
Mahindra XUV500 W5,XUV500 W5,Mahindra,2019,Diesel,"56,122",Manual,₹9.38 Lakh,Delhi
Maruti Ciaz SIGMA 1.5 SHVS MT  PETROL,Ciaz SIGMA 1.5 SHVS MT  PETROL,Maruti,2019,Petrol,"66,068",Manual,₹6.83 Lakh,Delhi
Maruti Swift Dzire VXI,Swift Dzire VXI,Maruti,2012,Petrol,"51,629",Manual,₹2.77 Lakh,Delhi
Maruti Ciaz VXI+,Ciaz VXI+,Maruti,2015,Petrol,"1,09,535",Manual,₹4.62 Lakh,Delhi
Renault Kwid RXT 1.0,Kwid RXT 1.0,Renault,2019,Petrol,"50,023",Manual,₹3.41 Lakh,Delhi
Maruti Baleno ALPHA PETROL 1.2,Baleno ALPHA PETROL 1.2,Maruti,2019,Petrol,"41,726",Manual,₹6.26 Lakh,Delhi
Maruti Swift ZXI,Swift ZXI,Maruti,2017,Petrol,"68,287",Manual,₹4.91 Lakh,Delhi
Ford Ecosport TITANIUM 1.5L PETROL AT,Ecosport TITANIUM 1.5L PETROL AT,Ford,2017,Petrol,"67,602",Automatic,₹5.59 Lakh,Delhi
Renault Kwid RXL 1.0 AMT,Kwid RXL 1.0 AMT,Renault,2021,Petrol,"27,646",Automatic,₹4.32 Lakh,Delhi
Honda City 1.5L I-VTEC V MT,City 1.5L I-VTEC V MT,Honda,2014,Petrol,"95,073",Manual,₹4.29 Lakh,Delhi
Maruti Alto K10 LXI,Alto K10 LXI,Maruti,2011,Petrol,"14,213",Manual,₹1.48 Lakh,Delhi
Maruti Swift VXI,Swift VXI,Maruti,2011,Petrol,"28,803",Manual,₹2.43 Lakh,Delhi
Hyundai Grand i10 ASTA (O) AT 1.2 KAPPA VTVT,Grand i10 ASTA (O) AT 1.2 KAPPA VTVT,Hyundai,2016,Petrol,"49,812",Automatic,₹4.07 Lakh,Delhi
Maruti New Wagon-R LXI 1.0,New Wagon-R LXI 1.0,Maruti,2020,Petrol,"64,042",Manual,₹4.50 Lakh,Delhi
Hyundai Grand i10 SPORTZ (O) AT 1.2 KAPPA VTVT,Grand i10 SPORTZ (O) AT 1.2 KAPPA VTVT,Hyundai,2017,Petrol,"52,543",Automatic,₹4.92 Lakh,Delhi
Maruti Swift Dzire LXI (O),Swift Dzire LXI (O),Maruti,2015,Petrol,"39,849",Manual,₹3.92 Lakh,Delhi
Renault TRIBER RXZ AMT,TRIBER RXZ AMT,Renault,2020,Petrol,"13,341",Automatic,₹6.36 Lakh,Delhi
Maruti Baleno DELTA PETROL 1.2,Baleno DELTA PETROL 1.2,Maruti,2017,Petrol,"47,472",Manual,₹4.90 Lakh,Delhi
Hyundai i20 MAGNA (O) 1.2,i20 MAGNA (O) 1.2,Hyundai,2011,Petrol,"43,790",Manual,₹2.46 Lakh,Delhi
Toyota Etios G,Etios G,Toyota,2014,Petrol,"76,413",Manual,₹3.19 Lakh,Delhi
Maruti Baleno DELTA PETROL 1.2,Baleno DELTA PETROL 1.2,Maruti,2021,Petrol,"20,381",Manual,₹6.44 Lakh,Delhi
Hyundai Grand i10 SPORTZ 1.2 KAPPA VTVT,Grand i10 SPORTZ 1.2 KAPPA VTVT,Hyundai,2019,Petrol,"33,693",Manual,₹5.14 Lakh,Delhi
Maruti Baleno ALPHA PETROL 1.2,Baleno ALPHA PETROL 1.2,Maruti,2017,Petrol,"29,919",Manual,₹5.75 Lakh,Delhi
Hyundai Grand i10 ASTA (O) 1.2 KAPPA VTVT,Grand i10 ASTA (O) 1.2 KAPPA VTVT,Hyundai,2016,CNG,"69,965",Manual,₹4.04 Lakh,Delhi
Maruti Ciaz ALPHA  AT 1.5 SHVS PETROL,Ciaz ALPHA  AT 1.5 SHVS PETROL,Maruti,2018,Petrol,"1,04,059",Automatic,₹6.81 Lakh,Delhi
Datsun Redi Go A,Redi Go A,Datsun,2018,Petrol,"84,695",Manual,₹2.07 Lakh,Delhi
Hyundai Creta E PLUS 1.6 PETROL,Creta E PLUS 1.6 PETROL,Hyundai,2018,Petrol,"1,03,702",Manual,₹7.13 Lakh,Delhi
Maruti Baleno ALPHA DIESEL 1.3,Baleno ALPHA DIESEL 1.3,Maruti,2015,Diesel,"70,867",Manual,₹4.60 Lakh,Delhi
Hyundai Grand i10 MAGNA 1.2 KAPPA VTVT,Grand i10 MAGNA 1.2 KAPPA VTVT,Hyundai,2015,Petrol,"99,108",Manual,₹3.32 Lakh,Delhi
Tata NEXON XZA PLUS SUNROOF PETROL,NEXON XZA PLUS SUNROOF PETROL,Tata,2021,Petrol,"43,424",Automatic,₹9.51 Lakh,Delhi
Honda Amaze 1.2L I-VTEC S CVT,Amaze 1.2L I-VTEC S CVT,Honda,2018,Petrol,"49,543",Automatic,₹5.53 Lakh,Delhi
Maruti Ciaz VXI+,Ciaz VXI+,Maruti,2015,Petrol,"16,998",Manual,₹5.15 Lakh,Delhi
Hyundai VENUE SX PLUS 1.0 TURBO DCT,VENUE SX PLUS 1.0 TURBO DCT,Hyundai,2019,Petrol,"70,908",Automatic,₹8.83 Lakh,Delhi
Mahindra XUV300 W8 (O) 1.2 PETROL,XUV300 W8 (O) 1.2 PETROL,Mahindra,2019,Petrol,"47,914",Manual,₹8.72 Lakh,Delhi
Hyundai i20 MAGNA 1.2,i20 MAGNA 1.2,Hyundai,2011,Petrol,"97,176",Manual,₹1.96 Lakh,Delhi
Maruti Swift ZXI,Swift ZXI,Maruti,2012,Petrol,"55,346",Manual,₹3.11 Lakh,Delhi
Maruti Ciaz ZXI,Ciaz ZXI,Maruti,2016,Petrol,"1,07,298",Manual,₹4.74 Lakh,Delhi
Tata Harrier XZ 2.0L,Harrier XZ 2.0L,Tata,2019,Diesel,"52,622",Manual,₹11.88 Lakh,Delhi
Toyota Etios Liva G,Etios Liva G,Toyota,2013,Petrol,"41,856",Manual,₹2.81 Lakh,Delhi
Maruti New Wagon-R ZXI 1.2,New Wagon-R ZXI 1.2,Maruti,2022,Petrol,"13,103",Manual,₹5.29 Lakh,Delhi
Maruti S PRESSO VXI (O),S PRESSO VXI (O),Maruti,2021,Petrol,"15,360",Manual,₹4.11 Lakh,Delhi
Maruti S PRESSO VXI+,S PRESSO VXI+,Maruti,2022,Petrol,"12,690",Manual,₹4.62 Lakh,Delhi
Hyundai i20 SPORTZ 1.2,i20 SPORTZ 1.2,Hyundai,2011,Petrol,"71,485",Manual,₹2.08 Lakh,Delhi
Hyundai Eon MAGNA +,Eon MAGNA +,Hyundai,2013,Petrol,"1,00,340",Manual,₹1.94 Lakh,Delhi
Maruti Ciaz ZETA 1.4  AT PETROL,Ciaz ZETA 1.4  AT PETROL,Maruti,2017,Petrol,"91,528",Automatic,₹6.27 Lakh,Delhi
Maruti Ertiga LXI,Ertiga LXI,Maruti,2012,Petrol,"52,584",Manual,₹3.89 Lakh,Delhi
Toyota Etios VX,Etios VX,Toyota,2011,Petrol,"90,308",Manual,₹2.05 Lakh,Delhi
Hyundai i10 MAGNA 1.2,i10 MAGNA 1.2,Hyundai,2011,Petrol,"75,117",Manual,₹1.66 Lakh,Delhi
Maruti Baleno DELTA PETROL 1.2,Baleno DELTA PETROL 1.2,Maruti,2015,Petrol,"75,221",Manual,₹4.21 Lakh,Delhi
Maruti Swift VXI,Swift VXI,Maruti,2011,Petrol,"48,906",Manual,₹2.30 Lakh,Delhi
Maruti Baleno ALPHA PETROL 1.2,Baleno ALPHA PETROL 1.2,Maruti,2015,Petrol,"33,752",Manual,₹4.85 Lakh,Delhi
Maruti Baleno ZETA PETROL 1.2,Baleno ZETA PETROL 1.2,Maruti,2020,Petrol,"57,169",Manual,₹6.36 Lakh,Delhi
Hyundai i10 MAGNA 1.2,i10 MAGNA 1.2,Hyundai,2012,Petrol,"61,470",Manual,₹2.08 Lakh,Delhi
Hyundai Grand i10 ASTA 1.2 KAPPA VTVT,Grand i10 ASTA 1.2 KAPPA VTVT,Hyundai,2016,Petrol,"72,561",Manual,₹4.27 Lakh,Delhi
Maruti Swift VXI,Swift VXI,Maruti,2011,Petrol,"47,552",Manual,₹2.29 Lakh,Delhi
Toyota Etios VX,Etios VX,Toyota,2011,Petrol,"95,917",Manual,₹1.98 Lakh,Delhi
Mahindra XUV500 W5,XUV500 W5,Mahindra,2019,Diesel,"67,775",Manual,₹9.42 Lakh,Delhi
Hyundai NEW SANTRO SPORTZ MT,NEW SANTRO SPORTZ MT,Hyundai,2019,Petrol,"49,352",Manual,₹4.17 Lakh,Delhi
Honda Jazz 1.2L I-VTEC V AT,Jazz 1.2L I-VTEC V AT,Honda,2017,Petrol,"95,825",Automatic,₹4.66 Lakh,Delhi
Maruti Ciaz ALPHA 1.4 PETROL,Ciaz ALPHA 1.4 PETROL,Maruti,2017,Petrol,"77,919",Manual,₹6.01 Lakh,Delhi
Maruti Baleno ZETA PETROL 1.2,Baleno ZETA PETROL 1.2,Maruti,2017,Petrol,"1,15,870",Manual,₹4.78 Lakh,Delhi
Tata TIGOR XZ PLUS CNG,TIGOR XZ PLUS CNG,Tata,2022,CNG,"37,557",Manual,₹7.55 Lakh,Delhi
Maruti Ciaz SIGMA 1.5 SHVS MT  PETROL,Ciaz SIGMA 1.5 SHVS MT  PETROL,Maruti,2018,Petrol,"52,662",Manual,₹6.08 Lakh,Delhi
Maruti New Wagon-R LXI 1.0,New Wagon-R LXI 1.0,Maruti,2020,Petrol,"54,194",Manual,₹4.51 Lakh,Delhi
Tata TIGOR XZ PLUS CNG,TIGOR XZ PLUS CNG,Tata,2022,CNG,"24,939",Manual,₹7.36 Lakh,Delhi
Renault TRIBER RXZ,TRIBER RXZ,Renault,2022,Petrol,"30,508",Manual,₹6.56 Lakh,Delhi
Hyundai VENUE SX PLUS 1.0 TURBO DCT,VENUE SX PLUS 1.0 TURBO DCT,Hyundai,2019,Petrol,"53,350",Automatic,₹8.83 Lakh,Delhi
Maruti Baleno ALPHA CVT PETROL 1.2,Baleno ALPHA CVT PETROL 1.2,Maruti,2019,Petrol,"47,915",Automatic,₹6.45 Lakh,Delhi
Renault Kwid CLIMBER 1.0 (O),Kwid CLIMBER 1.0 (O),Renault,2022,Petrol,"15,517",Manual,₹4.55 Lakh,Delhi
Mahindra XUV500 W9 AT,XUV500 W9 AT,Mahindra,2019,Diesel,"47,525",Automatic,₹10.82 Lakh,Delhi
Hyundai Grand i10 ASTA (O) 1.2 KAPPA VTVT,Grand i10 ASTA (O) 1.2 KAPPA VTVT,Hyundai,2016,Petrol,"59,812",Manual,₹3.94 Lakh,Delhi
Maruti Ciaz ZETA 1.4  AT PETROL,Ciaz ZETA 1.4  AT PETROL,Maruti,2017,Petrol,"62,898",Automatic,₹6.19 Lakh,Delhi
Maruti Baleno ZETA PETROL 1.2,Baleno ZETA PETROL 1.2,Maruti,2020,Petrol,"51,871",Manual,₹5.92 Lakh,Delhi
Maruti Baleno DELTA PETROL 1.2,Baleno DELTA PETROL 1.2,Maruti,2017,Petrol,"1,05,428",Manual,₹4.32 Lakh,Delhi
Maruti Baleno ZETA CVT PETROL 1.2,Baleno ZETA CVT PETROL 1.2,Maruti,2018,Petrol,"54,458",Automatic,₹5.60 Lakh,Delhi
Maruti Baleno DELTA PETROL 1.2,Baleno DELTA PETROL 1.2,Maruti,2017,Petrol,"31,714",Manual,₹4.98 Lakh,Delhi
Maruti Celerio VXI AMT,Celerio VXI AMT,Maruti,2017,Petrol,"22,156",Automatic,₹4.07 Lakh,Delhi
Maruti Baleno ALPHA PETROL 1.2,Baleno ALPHA PETROL 1.2,Maruti,2020,Petrol,"65,829",Manual,₹6.13 Lakh,Delhi
Hyundai Creta SX PLUS AT 1.6 PETROL,Creta SX PLUS AT 1.6 PETROL,Hyundai,2018,Petrol,"86,490",Automatic,₹8.96 Lakh,Delhi
Maruti Wagon R 1.0 LX,Wagon R 1.0 LX,Maruti,2011,Petrol,"93,282",Manual,₹1.78 Lakh,Delhi
Maruti Ciaz ZETA 1.4  AT PETROL,Ciaz ZETA 1.4  AT PETROL,Maruti,2017,Petrol,"63,948",Automatic,₹6.68 Lakh,Delhi
Hyundai i10 MAGNA 1.2,i10 MAGNA 1.2,Hyundai,2011,Petrol,"1,14,720",Manual,₹1.61 Lakh,Delhi
Maruti Baleno DELTA PETROL 1.2,Baleno DELTA PETROL 1.2,Maruti,2019,Petrol,"29,389",Manual,₹5.70 Lakh,Delhi
Maruti Baleno DELTA PETROL 1.2,Baleno DELTA PETROL 1.2,Maruti,2015,Petrol,"69,216",Manual,₹4.21 Lakh,Delhi
Honda Jazz 1.2L I-VTEC BASE,Jazz 1.2L I-VTEC BASE,Honda,2011,Petrol,"74,253",Manual,₹2.17 Lakh,Delhi
Hyundai VENUE SX PLUS 1.0 TURBO DCT,VENUE SX PLUS 1.0 TURBO DCT,Hyundai,2019,Petrol,"72,340",Automatic,₹8.88 Lakh,Delhi
Maruti Baleno ZETA PETROL 1.2,Baleno ZETA PETROL 1.2,Maruti,2019,Petrol,"32,866",Manual,₹5.84 Lakh,Delhi
Mahindra XUV300 W8 (O) 1.2 PETROL AMT,XUV300 W8 (O) 1.2 PETROL AMT,Mahindra,2021,Petrol,"16,669",Automatic,₹10.98 Lakh,Delhi
Mahindra XUV300 W8 (O) 1.2 PETROL,XUV300 W8 (O) 1.2 PETROL,Mahindra,2023,Petrol,"12,057",Manual,₹11.66 Lakh,Delhi
Renault Kwid RXT 1.0 AMT (O),Kwid RXT 1.0 AMT (O),Renault,2020,Petrol,"12,381",Automatic,₹4.18 Lakh,Delhi
Maruti S PRESSO VXI+,S PRESSO VXI+,Maruti,2022,Petrol,"21,688",Manual,₹4.29 Lakh,Delhi
Maruti Swift Dzire ZXI,Swift Dzire ZXI,Maruti,2014,Petrol,"62,656",Manual,₹3.82 Lakh,Delhi
Honda City 1.5L I-VTEC V MT,City 1.5L I-VTEC V MT,Honda,2015,Petrol,"60,965",Manual,₹5.44 Lakh,Delhi
Maruti Ciaz VXI+,Ciaz VXI+,Maruti,2015,Petrol,"94,923",Manual,₹4.84 Lakh,Delhi
KIA SONET GTX PLUS 1.0 IMT,SONET GTX PLUS 1.0 IMT,KIA,2022,Petrol,"22,717",Manual,₹11.46 Lakh,Delhi
Hyundai i10 MAGNA 1.2,i10 MAGNA 1.2,Hyundai,2011,Petrol,"57,449",Manual,₹1.61 Lakh,Delhi
Maruti Wagon R 1.0 VXI,Wagon R 1.0 VXI,Maruti,2011,Petrol,"31,824",Manual,₹1.95 Lakh,Delhi
Hyundai i10 MAGNA 1.1,i10 MAGNA 1.1,Hyundai,2011,Petrol,"82,143",Manual,₹1.52 Lakh,Delhi
Hyundai Santro Xing GL PLUS,Santro Xing GL PLUS,Hyundai,2011,Petrol,"69,102",Manual,₹1.64 Lakh,Delhi
Renault Kwid RXT 1.0 (O),Kwid RXT 1.0 (O),Renault,2022,Petrol,"7,162",Manual,₹4.28 Lakh,Delhi
Hyundai Grand i10 ASTA 1.2 KAPPA VTVT,Grand i10 ASTA 1.2 KAPPA VTVT,Hyundai,2016,Petrol,"97,399",Manual,₹3.95 Lakh,Delhi
Maruti Baleno ZETA PETROL 1.2,Baleno ZETA PETROL 1.2,Maruti,2017,Petrol,"66,418",Manual,₹5.12 Lakh,Delhi
Maruti S PRESSO VXI+,S PRESSO VXI+,Maruti,2020,Petrol,476,Manual,₹3.97 Lakh,Delhi
Hyundai i10 MAGNA 1.2,i10 MAGNA 1.2,Hyundai,2011,Petrol,"82,923",Manual,₹1.61 Lakh,Delhi
Hyundai i20 SPORTZ 1.2,i20 SPORTZ 1.2,Hyundai,2011,Petrol,"99,510",Manual,₹2.13 Lakh,Delhi
Maruti Ciaz DELTA AT 1.5 SHVS PETROL,Ciaz DELTA AT 1.5 SHVS PETROL,Maruti,2019,Petrol,"31,431",Automatic,₹7.94 Lakh,Delhi
Maruti Swift VXI,Swift VXI,Maruti,2011,Petrol,"68,075",Manual,₹2.16 Lakh,Delhi
Maruti Baleno DELTA PETROL 1.2,Baleno DELTA PETROL 1.2,Maruti,2019,Petrol,"65,056",Manual,₹5.20 Lakh,Delhi
Maruti Baleno DELTA PETROL 1.2,Baleno DELTA PETROL 1.2,Maruti,2017,Petrol,"41,801",Manual,₹4.90 Lakh,Delhi
Hyundai Elite i20 MAGNA 1.2,Elite i20 MAGNA 1.2,Hyundai,2015,Petrol,"84,601",Manual,₹4.10 Lakh,Delhi
Maruti Baleno ALPHA PETROL 1.2,Baleno ALPHA PETROL 1.2,Maruti,2016,Petrol,"89,506",Manual,₹4.70 Lakh,Delhi
Maruti Baleno ZETA PETROL 1.2,Baleno ZETA PETROL 1.2,Maruti,2020,Petrol,"59,231",Manual,₹5.92 Lakh,Delhi
Maruti Baleno ZETA CVT PETROL 1.2,Baleno ZETA CVT PETROL 1.2,Maruti,2018,Petrol,"36,969",Automatic,₹6.30 Lakh,Delhi
Maruti Baleno ALPHA PETROL 1.2,Baleno ALPHA PETROL 1.2,Maruti,2019,Petrol,"48,887",Manual,₹6.26 Lakh,Delhi
Maruti Baleno DELTA PETROL 1.2,Baleno DELTA PETROL 1.2,Maruti,2021,Petrol,"28,154",Manual,₹6.44 Lakh,Delhi
Hyundai Grand i10 MAGNA 1.2 KAPPA VTVT,Grand i10 MAGNA 1.2 KAPPA VTVT,Hyundai,2017,Petrol,"60,443",Manual,₹4.15 Lakh,Delhi
Maruti Ciaz ZETA 1.4  AT PETROL,Ciaz ZETA 1.4  AT PETROL,Maruti,2018,Petrol,"1,19,884",Automatic,₹7.56 Lakh,Delhi
Maruti Swift VXI,Swift VXI,Maruti,2013,Petrol,"82,496",Manual,₹3.05 Lakh,Delhi
Mahindra XUV300 W8(O) 1.2 PETROL DUAL TONE,XUV300 W8(O) 1.2 PETROL DUAL TONE,Mahindra,2021,Petrol,"12,532",Manual,₹11.00 Lakh,Delhi
Toyota Etios G,Etios G,Toyota,2011,Petrol,"73,409",Manual,₹2.27 Lakh,Delhi
Hyundai i10 MAGNA 1.1,i10 MAGNA 1.1,Hyundai,2012,Petrol,"1,00,144",Manual,₹1.73 Lakh,Delhi
Maruti Baleno ZETA PETROL 1.2,Baleno ZETA PETROL 1.2,Maruti,2017,Petrol,"33,665",Manual,₹4.97 Lakh,Delhi
Hyundai Grand i10 MAGNA AT 1.2 KAPPA VTVT,Grand i10 MAGNA AT 1.2 KAPPA VTVT,Hyundai,2016,Petrol,"25,133",Automatic,₹4.40 Lakh,Delhi
Toyota Etios V,Etios V,Toyota,2011,Petrol,"68,623",Manual,₹2.06 Lakh,Delhi
Maruti Swift LXI,Swift LXI,Maruti,2013,Petrol,"61,671",Manual,₹2.78 Lakh,Delhi
Honda City 1.5L I-VTEC SV,City 1.5L I-VTEC SV,Honda,2017,Petrol,"78,493",Manual,₹5.95 Lakh,Delhi
Hyundai Xcent S 1.2,Xcent S 1.2,Hyundai,2018,CNG,"87,732",Manual,₹4.95 Lakh,Delhi
Renault Kwid RXT 0.8,Kwid RXT 0.8,Renault,2020,Petrol,"4,640",Manual,₹3.69 Lakh,Delhi
Maruti New Wagon-R LXI 1.0,New Wagon-R LXI 1.0,Maruti,2020,Petrol,"20,914",Manual,₹4.72 Lakh,Delhi
Hyundai NEW SANTRO ERA EXECUTIVE,NEW SANTRO ERA EXECUTIVE,Hyundai,2019,Petrol,"69,331",Manual,₹3.80 Lakh,Delhi
Mahindra Scorpio S9,Scorpio S9,Mahindra,2019,Diesel,"21,437",Manual,₹12.11 Lakh,Delhi
Maruti BREZZA VXI SMART HYBRID,BREZZA VXI SMART HYBRID,Maruti,2023,Petrol,"19,281",Manual,₹9.36 Lakh,Delhi
Maruti Vitara Brezza VXI AT SHVS,Vitara Brezza VXI AT SHVS,Maruti,2020,Petrol,"30,949",Automatic,₹8.00 Lakh,Delhi
Honda Amaze 1.2L I-VTEC S CVT,Amaze 1.2L I-VTEC S CVT,Honda,2021,Petrol,"43,503",Automatic,₹6.62 Lakh,Delhi
Renault Duster RXE PETROL,Duster RXE PETROL,Renault,2019,Petrol,"39,254",Manual,₹6.53 Lakh,Delhi
Maruti Swift LXI,Swift LXI,Maruti,2019,Petrol,"57,073",Manual,₹4.60 Lakh,Delhi
Maruti Ciaz VXI+,Ciaz VXI+,Maruti,2015,Petrol,"45,312",Manual,₹4.68 Lakh,Delhi
Hyundai Verna 1.6 VTVT SX,Verna 1.6 VTVT SX,Hyundai,2017,Petrol,"79,384",Manual,₹6.75 Lakh,Delhi
Honda City 1.5L I-VTEC V MT,City 1.5L I-VTEC V MT,Honda,2014,Petrol,"74,756",Manual,₹4.04 Lakh,Delhi
Maruti Wagon R 1.0 LXI CNG,Wagon R 1.0 LXI CNG,Maruti,2018,CNG,"56,257",Manual,₹3.82 Lakh,Delhi
Volkswagen VIRTUS HIGHLINE TSI 1.0 AT,VIRTUS HIGHLINE TSI 1.0 AT,Volkswagen,2023,Petrol,"9,083",Automatic,₹13.91 Lakh,Delhi
Maruti Celerio VXI,Celerio VXI,Maruti,2016,Petrol,"54,080",Manual,₹2.95 Lakh,Delhi
Honda City 1.5L I-VTEC S MT,City 1.5L I-VTEC S MT,Honda,2011,Petrol,"88,490",Manual,₹2.62 Lakh,Delhi
Hyundai Grand i10 ASTA 1.2 KAPPA VTVT,Grand i10 ASTA 1.2 KAPPA VTVT,Hyundai,2015,Petrol,"40,819",Manual,₹3.38 Lakh,Delhi
Ford Ecosport TITANIUM 1.5L DIESEL,Ecosport TITANIUM 1.5L DIESEL,Ford,2019,Diesel,"27,603",Manual,₹6.70 Lakh,Delhi
Datsun Redi Go A,Redi Go A,Datsun,2019,Petrol,"22,317",Manual,₹2.45 Lakh,Delhi
Honda Amaze 1.2L I-VTEC S,Amaze 1.2L I-VTEC S,Honda,2020,Petrol,"47,733",Manual,₹5.21 Lakh,Delhi
Hyundai Elite i20 MAGNA 1.2,Elite i20 MAGNA 1.2,Hyundai,2015,Petrol,"60,958",Manual,₹4.35 Lakh,Delhi
Maruti Baleno DELTA PETROL 1.2,Baleno DELTA PETROL 1.2,Maruti,2020,Petrol,"27,841",Manual,₹5.81 Lakh,Delhi
Maruti Alto 800 LXI,Alto 800 LXI,Maruti,2018,Petrol,"67,026",Manual,₹2.65 Lakh,Delhi
Ford Ecosport TITANIUM 1.5L DIESEL,Ecosport TITANIUM 1.5L DIESEL,Ford,2019,Diesel,"71,456",Manual,₹6.95 Lakh,Delhi
Hyundai New Elantra 2.0 SX(O) AT PETROL,New Elantra 2.0 SX(O) AT PETROL,Hyundai,2017,Petrol,"1,13,960",Automatic,₹8.93 Lakh,Delhi
Maruti IGNIS DELTA 1.2,IGNIS DELTA 1.2,Maruti,2019,Petrol,"47,387",Manual,₹4.37 Lakh,Delhi
Maruti Wagon R 1.0 LXI,Wagon R 1.0 LXI,Maruti,2014,Petrol,"65,520",Manual,₹2.65 Lakh,Delhi
Hyundai Grand i10 MAGNA 1.2 KAPPA VTVT,Grand i10 MAGNA 1.2 KAPPA VTVT,Hyundai,2015,Petrol,"62,536",Manual,₹3.31 Lakh,Delhi
Hyundai i20 Active 1.2 SX,i20 Active 1.2 SX,Hyundai,2015,Petrol,"51,090",Manual,₹4.77 Lakh,Delhi
Hyundai Grand i10 MAGNA 1.2 KAPPA VTVT,Grand i10 MAGNA 1.2 KAPPA VTVT,Hyundai,2015,CNG,"50,181",Manual,₹3.31 Lakh,Delhi
Maruti Swift LXI,Swift LXI,Maruti,2012,Petrol,"41,942",Manual,₹2.61 Lakh,Delhi
Maruti Baleno ZETA PETROL 1.2,Baleno ZETA PETROL 1.2,Maruti,2016,Petrol,"58,530",Manual,₹4.45 Lakh,Delhi
Maruti Celerio VXI,Celerio VXI,Maruti,2022,Petrol,"12,708",Manual,₹4.94 Lakh,Delhi
Maruti Baleno ALPHA PETROL 1.2,Baleno ALPHA PETROL 1.2,Maruti,2017,Petrol,"91,549",Manual,₹4.97 Lakh,Delhi
Maruti Baleno DELTA PETROL 1.2,Baleno DELTA PETROL 1.2,Maruti,2017,Petrol,"29,628",Manual,₹4.98 Lakh,Delhi
Honda City 1.5L I-VTEC SV,City 1.5L I-VTEC SV,Honda,2016,Petrol,"97,885",Manual,₹5.24 Lakh,Delhi
Hyundai Grand i10 MAGNA 1.2 KAPPA VTVT,Grand i10 MAGNA 1.2 KAPPA VTVT,Hyundai,2017,Petrol,"96,739",Manual,₹3.91 Lakh,Delhi
Honda Brio S MT,Brio S MT,Honda,2012,Petrol,"62,578",Manual,₹2.14 Lakh,Delhi
Maruti Ciaz DELTA DIESEL 1.5,Ciaz DELTA DIESEL 1.5,Maruti,2019,Diesel,"61,329",Manual,₹7.02 Lakh,Delhi
Maruti New Wagon-R LXI CNG 1.0,New Wagon-R LXI CNG 1.0,Maruti,2022,CNG,"6,799",Manual,₹5.58 Lakh,Delhi
Maruti Alto VXI,Alto VXI,Maruti,2022,Petrol,"34,574",Manual,₹3.76 Lakh,Delhi
Tata TIGOR XZ PLUS CNG,TIGOR XZ PLUS CNG,Tata,2022,CNG,"37,622",Manual,₹6.90 Lakh,Delhi
Honda Jazz 1.2L I-VTEC SV,Jazz 1.2L I-VTEC SV,Honda,2015,Petrol,"57,702",Manual,₹3.90 Lakh,Delhi
Maruti Wagon R 1.0 LXI CNG,Wagon R 1.0 LXI CNG,Maruti,2017,CNG,"1,10,029",Manual,₹3.32 Lakh,Delhi
Hyundai Grand i10 MAGNA AT 1.2 KAPPA VTVT,Grand i10 MAGNA AT 1.2 KAPPA VTVT,Hyundai,2018,Petrol,"44,018",Automatic,₹4.87 Lakh,Delhi
Honda Amaze 1.2L I-VTEC VX CVT,Amaze 1.2L I-VTEC VX CVT,Honda,2023,Petrol,"13,137",Automatic,₹8.91 Lakh,Delhi
KIA CARENS LUXURY PLUS 1.4 PETROL 6 STR,CARENS LUXURY PLUS 1.4 PETROL 6 STR,KIA,2022,Petrol,"13,171",Manual,₹14.48 Lakh,Delhi
Renault Duster 110 PS RXS MT DIESEL,Duster 110 PS RXS MT DIESEL,Renault,2019,Diesel,"40,838",Manual,₹7.58 Lakh,Delhi
Hyundai Creta BASE 1.6 PETROL,Creta BASE 1.6 PETROL,Hyundai,2016,Petrol,"45,368",Manual,₹6.56 Lakh,Delhi
Tata NEXON XZ PLUS PETROL,NEXON XZ PLUS PETROL,Tata,2022,Petrol,"30,719",Manual,₹8.66 Lakh,Delhi
Maruti Swift LXI (O),Swift LXI (O),Maruti,2015,Petrol,"71,287",Manual,₹3.39 Lakh,Delhi
Mahindra XUV500 W7 AT,XUV500 W7 AT,Mahindra,2019,Diesel,"15,070",Automatic,₹10.39 Lakh,Delhi
Honda Amaze 1.2L I-VTEC S,Amaze 1.2L I-VTEC S,Honda,2019,Petrol,"23,160",Manual,₹5.76 Lakh,Delhi
Maruti Swift Dzire LXI (O),Swift Dzire LXI (O),Maruti,2015,Petrol,"27,571",Manual,₹3.92 Lakh,Delhi
Hyundai Creta SX PLUS AT 1.6 PETROL,Creta SX PLUS AT 1.6 PETROL,Hyundai,2017,Petrol,"97,470",Automatic,₹7.65 Lakh,Delhi
Hyundai Creta SX 1.6 PETROL,Creta SX 1.6 PETROL,Hyundai,2018,Petrol,"53,315",Manual,₹9.00 Lakh,Delhi
Honda Jazz 1.2L I-VTEC V AT,Jazz 1.2L I-VTEC V AT,Honda,2015,Petrol,"40,511",Automatic,₹4.51 Lakh,Delhi
Maruti Baleno DELTA PETROL 1.2,Baleno DELTA PETROL 1.2,Maruti,2017,Petrol,"65,897",Manual,₹4.56 Lakh,Delhi
Maruti Ciaz VXI,Ciaz VXI,Maruti,2016,Petrol,"1,23,772",Manual,₹4.19 Lakh,Delhi
Maruti Ciaz VXI+,Ciaz VXI+,Maruti,2015,Petrol,"41,361",Manual,₹4.86 Lakh,Delhi
Hyundai Elite i20 SPORTZ 1.2,Elite i20 SPORTZ 1.2,Hyundai,2017,Petrol,"81,832",Manual,₹4.98 Lakh,Delhi
Renault Duster 85 PS RXS MT DIESEL,Duster 85 PS RXS MT DIESEL,Renault,2019,Diesel,"50,829",Manual,₹6.33 Lakh,Delhi
Hyundai Elite i20 MAGNA 1.2,Elite i20 MAGNA 1.2,Hyundai,2014,Petrol,"52,966",Manual,₹3.64 Lakh,Delhi
Ford Ecosport TITANIUM + 1.5L PETROL AT,Ecosport TITANIUM + 1.5L PETROL AT,Ford,2018,Petrol,"80,913",Automatic,₹6.85 Lakh,Delhi
Maruti Swift VXI,Swift VXI,Maruti,2012,Petrol,"34,096",Manual,₹2.72 Lakh,Delhi
Maruti Swift LXI (O),Swift LXI (O),Maruti,2015,Petrol,"65,365",Manual,₹3.68 Lakh,Delhi
Maruti Alto LXI,Alto LXI,Maruti,2021,Petrol,"16,001",Manual,₹3.62 Lakh,Delhi
Honda City 1.5L I-VTEC V MT,City 1.5L I-VTEC V MT,Honda,2014,Petrol,"81,451",Manual,₹4.52 Lakh,Delhi
Renault TRIBER RXT,TRIBER RXT,Renault,2022,Petrol,"13,196",Manual,₹6.58 Lakh,Delhi
Maruti Ciaz ZETA 1.4  AT PETROL,Ciaz ZETA 1.4  AT PETROL,Maruti,2017,Petrol,"23,202",Automatic,₹6.86 Lakh,Delhi
Hyundai Grand i10 MAGNA 1.2 KAPPA VTVT,Grand i10 MAGNA 1.2 KAPPA VTVT,Hyundai,2017,Petrol,"26,617",Manual,₹4.21 Lakh,Delhi
Maruti Baleno ALPHA PETROL 1.2,Baleno ALPHA PETROL 1.2,Maruti,2016,Petrol,"32,779",Manual,₹5.26 Lakh,Delhi
Honda Jazz 1.2L I-VTEC S,Jazz 1.2L I-VTEC S,Honda,2017,Petrol,"59,577",Manual,₹4.37 Lakh,Delhi
Maruti S PRESSO VXI+,S PRESSO VXI+,Maruti,2021,Petrol,"12,058",Manual,₹4.33 Lakh,Delhi
Maruti Baleno ZETA PETROL 1.2,Baleno ZETA PETROL 1.2,Maruti,2017,Petrol,"69,227",Manual,₹4.91 Lakh,Delhi
Maruti Baleno ZETA CVT PETROL 1.2,Baleno ZETA CVT PETROL 1.2,Maruti,2017,Petrol,"69,002",Automatic,₹5.34 Lakh,Delhi
Maruti Baleno ALPHA PETROL 1.2,Baleno ALPHA PETROL 1.2,Maruti,2017,Petrol,"78,186",Manual,₹5.38 Lakh,Delhi
Nissan MAGNITE XL,MAGNITE XL,Nissan,2021,CNG,"38,775",Manual,₹6.06 Lakh,Delhi
Maruti New Wagon-R LXI CNG (O) 1.0,New Wagon-R LXI CNG (O) 1.0,Maruti,2020,CNG,"65,081",Manual,₹4.87 Lakh,Delhi
Maruti Ciaz ZETA 1.4  MT PETROL,Ciaz ZETA 1.4  MT PETROL,Maruti,2017,Petrol,"33,161",Manual,₹6.16 Lakh,Delhi
Maruti Alto LXI O,Alto LXI O,Maruti,2022,Petrol,"22,725",Manual,₹3.73 Lakh,Delhi
Honda City 1.5L I-VTE V CVT,City 1.5L I-VTE V CVT,Honda,2021,Petrol,"19,655",Automatic,₹11.20 Lakh,Delhi
Tata TIGOR XE PETROL,TIGOR XE PETROL,Tata,2021,Petrol,"29,667",Manual,₹5.37 Lakh,Delhi
Tata ALTROZ XZA PLUS,ALTROZ XZA PLUS,Tata,2022,Petrol,"24,908",Automatic,₹8.52 Lakh,Delhi
Hyundai Grand i10 SPORTZ 1.2 KAPPA VTVT,Grand i10 SPORTZ 1.2 KAPPA VTVT,Hyundai,2015,Petrol,"95,968",Manual,₹3.23 Lakh,Delhi
Tata TIGOR XZ PLUS CNG,TIGOR XZ PLUS CNG,Tata,2022,CNG,"38,888",Manual,₹7.56 Lakh,Delhi
Maruti XL6 ALPHA AT,XL6 ALPHA AT,Maruti,2020,Petrol,"49,954",Automatic,₹9.97 Lakh,Delhi
Datsun Redi Go T(O) 1.0 AMT,Redi Go T(O) 1.0 AMT,Datsun,2018,Petrol,"20,852",Automatic,₹2.84 Lakh,Delhi
Maruti Alto 800 LXI,Alto 800 LXI,Maruti,2015,Petrol,"98,998",Manual,₹2.05 Lakh,Delhi
KIA SELTOS HTX 1.5 PETROL,SELTOS HTX 1.5 PETROL,KIA,2019,Petrol,"64,349",Manual,₹10.53 Lakh,Delhi
Hyundai GRAND I10 NIOS SPORTZ 1.2 KAPPA VTVT,GRAND I10 NIOS SPORTZ 1.2 KAPPA VTVT,Hyundai,2022,Petrol,"33,864",Manual,₹6.50 Lakh,Delhi
Hyundai Elite i20 MAGNA 1.2,Elite i20 MAGNA 1.2,Hyundai,2017,Petrol,"62,492",Manual,₹5.07 Lakh,Delhi
Hyundai VENUE S 1.2,VENUE S 1.2,Hyundai,2021,Petrol,"15,045",Manual,₹7.34 Lakh,Delhi
Hyundai i10 MAGNA 1.1,i10 MAGNA 1.1,Hyundai,2014,Petrol,"84,017",Manual,₹2.33 Lakh,Delhi
Renault Kwid CLIMBER 1.0 (O),Kwid CLIMBER 1.0 (O),Renault,2020,Petrol,"35,911",Manual,₹4.11 Lakh,Delhi
Maruti Swift LXI (O),Swift LXI (O),Maruti,2015,Petrol,"41,724",Manual,₹3.62 Lakh,Delhi
Renault Duster RXL PETROL,Duster RXL PETROL,Renault,2018,Petrol,"98,688",Manual,₹5.57 Lakh,Delhi
Hyundai GRAND I10 NIOS SPORTZ 1.2 KAPPA VTVT,GRAND I10 NIOS SPORTZ 1.2 KAPPA VTVT,Hyundai,2020,Petrol,"43,846",Manual,₹5.12 Lakh,Delhi
Maruti S PRESSO VXI PLUS AMT,S PRESSO VXI PLUS AMT,Maruti,2019,Petrol,"28,660",Automatic,₹4.15 Lakh,Delhi
Maruti IGNIS ZETA 1.2,IGNIS ZETA 1.2,Maruti,2022,Petrol,"14,907",Manual,₹5.90 Lakh,Delhi
Toyota URBAN CRUISER PREMIUM GRADE MT,URBAN CRUISER PREMIUM GRADE MT,Toyota,2021,Petrol,"42,381",Manual,₹8.95 Lakh,Delhi
Maruti Baleno ZETA PETROL 1.2,Baleno ZETA PETROL 1.2,Maruti,2020,Petrol,"35,495",Manual,₹6.61 Lakh,Delhi
Maruti Alto LXI,Alto LXI,Maruti,2021,Petrol,"8,830",Manual,₹3.66 Lakh,Delhi
Maruti Dzire VXI AMT,Dzire VXI AMT,Maruti,2017,Petrol,"29,675",Automatic,₹5.74 Lakh,Delhi
Maruti IGNIS ALPHA 1.2,IGNIS ALPHA 1.2,Maruti,2021,Petrol,"30,314",Manual,₹5.85 Lakh,Delhi
Hyundai Grand i10 SPORTZ (O) 1.2 KAPPA VTVT,Grand i10 SPORTZ (O) 1.2 KAPPA VTVT,Hyundai,2017,Petrol,"51,401",Manual,₹4.02 Lakh,Delhi
Hyundai Elite i20 MAGNA 1.2,Elite i20 MAGNA 1.2,Hyundai,2016,Petrol,"74,240",Manual,₹4.50 Lakh,Delhi
Maruti Baleno DELTA PETROL 1.2,Baleno DELTA PETROL 1.2,Maruti,2016,Petrol,"84,123",Manual,₹4.52 Lakh,Delhi
Honda Amaze 1.2L I-VTEC S,Amaze 1.2L I-VTEC S,Honda,2018,Petrol,"27,051",Manual,₹5.24 Lakh,Delhi
Hyundai VENUE S 1.2,VENUE S 1.2,Hyundai,2021,Petrol,"19,866",Manual,₹7.61 Lakh,Delhi
Maruti Dzire ZXI CNG,Dzire ZXI CNG,Maruti,2022,CNG,"47,217",Manual,₹8.15 Lakh,Delhi
Tata Safari XT PLUS,Safari XT PLUS,Tata,2021,Diesel,"42,072",Manual,₹14.29 Lakh,Delhi
Maruti XL6 ZETA AT,XL6 ZETA AT,Maruti,2021,Petrol,"27,739",Automatic,₹10.37 Lakh,Delhi
Hyundai Xcent S 1.2,Xcent S 1.2,Hyundai,2018,CNG,"90,833",Manual,₹4.71 Lakh,Delhi
Hyundai Elite i20 ASTA 1.2,Elite i20 ASTA 1.2,Hyundai,2015,Petrol,"93,800",Manual,₹4.43 Lakh,Delhi
Maruti Swift LXI (O),Swift LXI (O),Maruti,2017,CNG,"88,225",Manual,₹4.11 Lakh,Delhi
Honda Brio VX MT,Brio VX MT,Honda,2013,Petrol,"78,963",Manual,₹2.86 Lakh,Delhi
Tata Tiago XT (O) PETROL,Tiago XT (O) PETROL,Tata,2023,Petrol,"12,657",Manual,₹5.74 Lakh,Delhi
KIA SONET GTX PLUS 1.0 IMT,SONET GTX PLUS 1.0 IMT,KIA,2020,Petrol,"37,438",Manual,₹9.40 Lakh,Delhi
Honda Amaze 1.2L I-VTEC S,Amaze 1.2L I-VTEC S,Honda,2016,Petrol,"52,996",Manual,₹4.03 Lakh,Delhi
Maruti Ciaz ALPHA  AT 1.4  PETROL,Ciaz ALPHA  AT 1.4  PETROL,Maruti,2017,CNG,"90,015",Automatic,₹6.35 Lakh,Delhi
Honda City 1.5L I-VTE V CVT,City 1.5L I-VTE V CVT,Honda,2019,Petrol,"48,227",Automatic,₹8.29 Lakh,Delhi
Renault TRIBER RXT,TRIBER RXT,Renault,2022,Petrol,"7,021",Manual,₹6.54 Lakh,Delhi
Tata Tiago XZ PETROL,Tiago XZ PETROL,Tata,2021,Petrol,"47,603",Manual,₹5.33 Lakh,Delhi
Hyundai i20 MAGNA 1.2,i20 MAGNA 1.2,Hyundai,2011,Petrol,"34,169",Manual,₹2.23 Lakh,Delhi
Maruti Ciaz ALPHA 1.5 SHVS PETROL,Ciaz ALPHA 1.5 SHVS PETROL,Maruti,2018,Petrol,"76,331",Manual,₹6.77 Lakh,Delhi
Toyota Glanza G CVT,Glanza G CVT,Toyota,2021,Petrol,"10,873",Automatic,₹7.44 Lakh,Delhi
Hyundai i10 MAGNA 1.2,i10 MAGNA 1.2,Hyundai,2012,Petrol,"99,372",Manual,₹1.72 Lakh,Delhi
Maruti Celerio X ZXI (O) AMT,Celerio X ZXI (O) AMT,Maruti,2018,Petrol,"54,533",Automatic,₹4.37 Lakh,Delhi
Hyundai Creta SX 1.5 PETROL,Creta SX 1.5 PETROL,Hyundai,2020,Petrol,"64,872",Manual,₹11.70 Lakh,Delhi
Tata Harrier XZA PLUS 2.0L,Harrier XZA PLUS 2.0L,Tata,2022,Diesel,"27,222",Automatic,₹17.90 Lakh,Delhi
Maruti Celerio VXI AMT,Celerio VXI AMT,Maruti,2016,Petrol,"68,891",Automatic,₹3.55 Lakh,Delhi
Mahindra Scorpio S9,Scorpio S9,Mahindra,2019,Diesel,"37,999",Manual,₹12.25 Lakh,Delhi
Hyundai Creta S 1.5 PETROL,Creta S 1.5 PETROL,Hyundai,2020,Petrol,"80,427",Manual,₹10.07 Lakh,Delhi
Maruti Celerio VXI CNG,Celerio VXI CNG,Maruti,2017,CNG,"1,03,154",Manual,₹3.68 Lakh,Delhi
Hyundai Xcent S 1.2,Xcent S 1.2,Hyundai,2019,Petrol,"41,326",Manual,₹5.21 Lakh,Delhi
Ford Ecosport TITANIUM 1.5L PETROL,Ecosport TITANIUM 1.5L PETROL,Ford,2018,Petrol,"45,012",Manual,₹6.61 Lakh,Delhi
Tata Tiago XE PETROL,Tiago XE PETROL,Tata,2023,Petrol,"7,441",Manual,₹5.21 Lakh,Delhi
Hyundai Elite i20 SPORTZ 1.2,Elite i20 SPORTZ 1.2,Hyundai,2017,Petrol,"47,327",Manual,₹5.02 Lakh,Delhi
Tata Tiago XZA PLUS PETROL,Tiago XZA PLUS PETROL,Tata,2020,Petrol,"34,644",Automatic,₹5.73 Lakh,Delhi
Mahindra Thar LX PETROL HT 4WD AT,Thar LX PETROL HT 4WD AT,Mahindra,2021,Petrol,"30,914",Automatic,₹14.44 Lakh,Delhi
Hyundai Grand i10 SPORTZ 1.2 KAPPA VTVT,Grand i10 SPORTZ 1.2 KAPPA VTVT,Hyundai,2014,Petrol,"92,619",Manual,₹3.21 Lakh,Delhi
Tata PUNCH CREATIVE AMT 1.2 RTN DUAL TONE,PUNCH CREATIVE AMT 1.2 RTN DUAL TONE,Tata,2023,Petrol,893,Automatic,₹8.92 Lakh,Delhi
Volkswagen Vento HIGHLINE 1.6 MPI,Vento HIGHLINE 1.6 MPI,Volkswagen,2013,Petrol,"83,968",Manual,₹3.19 Lakh,Delhi
KIA SELTOS HTX 1.5 PETROL,SELTOS HTX 1.5 PETROL,KIA,2019,Petrol,"85,336",Manual,₹10.35 Lakh,Delhi
Honda Amaze 1.2L I-VTEC VX,Amaze 1.2L I-VTEC VX,Honda,2016,Petrol,"54,809",Manual,₹3.90 Lakh,Delhi
Honda City 1.5L I-VTEC V MT,City 1.5L I-VTEC V MT,Honda,2016,Petrol,"72,308",Manual,₹5.39 Lakh,Delhi
Hyundai Creta E PLUS 1.6 PETROL,Creta E PLUS 1.6 PETROL,Hyundai,2017,Petrol,"83,038",Manual,₹7.13 Lakh,Delhi
Maruti Wagon R 1.0 LXI CNG,Wagon R 1.0 LXI CNG,Maruti,2018,CNG,"72,457",Manual,₹3.97 Lakh,Delhi
Honda City 1.5L I-VTEC ZX CVT,City 1.5L I-VTEC ZX CVT,Honda,2019,Petrol,"57,956",Automatic,₹9.61 Lakh,Delhi
Tata ALTROZ XT PETROL,ALTROZ XT PETROL,Tata,2021,Petrol,"14,752",Manual,₹6.45 Lakh,Delhi
Maruti New Wagon-R LXI CNG 1.0,New Wagon-R LXI CNG 1.0,Maruti,2023,CNG,"14,131",Manual,₹6.19 Lakh,Delhi
Volkswagen Vento HIGHLINE PLUS 1.2 AT,Vento HIGHLINE PLUS 1.2 AT,Volkswagen,2019,Petrol,"30,877",Automatic,₹10.80 Lakh,Delhi
Hyundai VENUE SX 1.0 (O) TURBO,VENUE SX 1.0 (O) TURBO,Hyundai,2020,Petrol,"36,125",Manual,₹8.64 Lakh,Delhi
Maruti Alto K10 VXI AMT,Alto K10 VXI AMT,Maruti,2015,Petrol,"62,425",Automatic,₹2.86 Lakh,Delhi
Ford FREESTYLE TITANIUM 1.2 PETROL,FREESTYLE TITANIUM 1.2 PETROL,Ford,2018,Petrol,"87,411",Manual,₹4.76 Lakh,Delhi
Maruti S PRESSO VXI PLUS (O) AMT,S PRESSO VXI PLUS (O) AMT,Maruti,2023,Petrol,"6,333",Automatic,₹4.90 Lakh,Delhi
Honda Amaze 1.2L I-VTEC V CVT,Amaze 1.2L I-VTEC V CVT,Honda,2018,Petrol,"35,321",Automatic,₹6.44 Lakh,Delhi
Honda Amaze 1.2L I-VTEC S,Amaze 1.2L I-VTEC S,Honda,2015,Petrol,"33,223",Manual,₹3.73 Lakh,Delhi
Maruti Alto VXI,Alto VXI,Maruti,2020,Petrol,"20,288",Manual,₹3.66 Lakh,Delhi
Maruti Celerio VXI AMT,Celerio VXI AMT,Maruti,2015,Petrol,"64,328",Automatic,₹3.21 Lakh,Delhi
Maruti Ciaz ZETA 1.5 SHVS MT PETROL,Ciaz ZETA 1.5 SHVS MT PETROL,Maruti,2022,Petrol,"15,892",Manual,₹9.32 Lakh,Delhi
Maruti Celerio ZXI,Celerio ZXI,Maruti,2018,Petrol,"60,902",Manual,₹3.71 Lakh,Delhi
Tata Tiago XT PETROL,Tiago XT PETROL,Tata,2018,Petrol,"94,153",Manual,₹3.86 Lakh,Delhi
Maruti Baleno DELTA PETROL 1.2,Baleno DELTA PETROL 1.2,Maruti,2021,Petrol,"33,848",Manual,₹6.43 Lakh,Delhi
Mahindra XUV300 W4 1.2 PETROL,XUV300 W4 1.2 PETROL,Mahindra,2019,Petrol,"59,332",Manual,₹6.09 Lakh,Delhi
Maruti Swift VXI,Swift VXI,Maruti,2015,Petrol,"42,213",Manual,₹3.70 Lakh,Delhi
Tata ALTROZ XE PETROL,ALTROZ XE PETROL,Tata,2020,Petrol,"47,970",Manual,₹5.08 Lakh,Delhi
Maruti Swift ZXI,Swift ZXI,Maruti,2019,Petrol,"43,834",Manual,₹5.89 Lakh,Delhi
Datsun Go T(O),Go T(O),Datsun,2018,Petrol,"31,754",Manual,₹3.46 Lakh,Delhi
Honda City 1.5L I-VTEC SV CVT,City 1.5L I-VTEC SV CVT,Honda,2015,Petrol,"39,168",Automatic,₹5.16 Lakh,Delhi
KIA SELTOS HTK PLUS 1.5 IMT,SELTOS HTK PLUS 1.5 IMT,KIA,2021,Petrol,"38,307",Manual,₹10.88 Lakh,Delhi
KIA SELTOS GTX 1.4 PETROL,SELTOS GTX 1.4 PETROL,KIA,2020,Petrol,"71,222",Manual,₹11.82 Lakh,Delhi
Tata Tiago XZ PLUS PETROL,Tiago XZ PLUS PETROL,Tata,2020,CNG,"38,427",Manual,₹5.38 Lakh,Delhi
Maruti New Wagon-R LXI 1.0,New Wagon-R LXI 1.0,Maruti,2022,Petrol,"24,828",Manual,₹5.16 Lakh,Delhi
KIA SELTOS HTX 1.5 PETROL,SELTOS HTX 1.5 PETROL,KIA,2020,Petrol,"50,450",Manual,₹10.65 Lakh,Delhi
Maruti Swift ZXI PLUS AMT,Swift ZXI PLUS AMT,Maruti,2019,Petrol,"40,276",Automatic,₹5.97 Lakh,Delhi
Mahindra Bolero B6,Bolero B6,Mahindra,2022,Diesel,"22,038",Manual,₹9.42 Lakh,Delhi
Maruti Alto 800 LXI ANNIVERSARY EDITION,Alto 800 LXI ANNIVERSARY EDITION,Maruti,2013,Petrol,"43,820",Manual,₹1.99 Lakh,Delhi
Maruti IGNIS SIGMA 1.2,IGNIS SIGMA 1.2,Maruti,2019,Petrol,"20,189",Manual,₹4.45 Lakh,Delhi
Maruti Baleno SIGMA PETROL 1.2,Baleno SIGMA PETROL 1.2,Maruti,2022,Petrol,"27,464",Manual,₹6.14 Lakh,Delhi
Maruti IGNIS DELTA 1.2 AMT,IGNIS DELTA 1.2 AMT,Maruti,2018,Petrol,"26,662",Automatic,₹4.84 Lakh,Delhi
Hyundai Creta SX AT 1.6 PETROL,Creta SX AT 1.6 PETROL,Hyundai,2019,Petrol,"69,534",Automatic,₹10.99 Lakh,Delhi
Hyundai Grand i10 SPORTZ 1.2 KAPPA VTVT,Grand i10 SPORTZ 1.2 KAPPA VTVT,Hyundai,2013,Petrol,"71,311",Manual,₹2.84 Lakh,Delhi
Hyundai Creta SX IVT 1.5 PETROL,Creta SX IVT 1.5 PETROL,Hyundai,2022,Petrol,"23,516",Automatic,₹15.12 Lakh,Delhi
Hyundai Verna SX (O) 1.0 TURBO DCT,Verna SX (O) 1.0 TURBO DCT,Hyundai,2020,Petrol,"42,349",Automatic,₹11.02 Lakh,Delhi
KIA SONET HTX 1.0 IMT,SONET HTX 1.0 IMT,KIA,2021,Petrol,"22,016",Manual,₹9.12 Lakh,Delhi
Maruti Vitara Brezza ZXI PLUS DUAL TONE,Vitara Brezza ZXI PLUS DUAL TONE,Maruti,2020,Petrol,"54,467",Manual,₹8.09 Lakh,Delhi
Maruti Alto LXI OPT CNG,Alto LXI OPT CNG,Maruti,2021,CNG,"38,458",Manual,₹4.13 Lakh,Delhi
Ford Ecosport TITANIUM 1.5L PETROL AT,Ecosport TITANIUM 1.5L PETROL AT,Ford,2015,Petrol,"58,706",Automatic,₹5.06 Lakh,Delhi
Nissan MAGNITE XV PREMIUM TURBO,MAGNITE XV PREMIUM TURBO,Nissan,2022,Petrol,"26,583",Manual,₹9.38 Lakh,Delhi
Hyundai NEW SANTRO SPORTZ AMT,NEW SANTRO SPORTZ AMT,Hyundai,2019,Petrol,"2,479",Automatic,₹4.94 Lakh,Delhi
Maruti Alto 800 LXI CNG,Alto 800 LXI CNG,Maruti,2018,CNG,"87,609",Manual,₹3.21 Lakh,Delhi
Maruti Ciaz ZETA AT 1.5  SHVS PETROL,Ciaz ZETA AT 1.5  SHVS PETROL,Maruti,2022,Petrol,"21,566",Automatic,₹10.27 Lakh,Delhi
Mahindra XUV300 W8 (O) 1.2 PETROL,XUV300 W8 (O) 1.2 PETROL,Mahindra,2020,Petrol,"31,539",Manual,₹8.94 Lakh,Delhi
KIA SONET HTK PLUS 1.0 IMT,SONET HTK PLUS 1.0 IMT,KIA,2022,Petrol,"15,612",Manual,₹9.86 Lakh,Delhi
Hyundai NEW SANTRO MAGNA CNG,NEW SANTRO MAGNA CNG,Hyundai,2019,CNG,"75,012",Manual,₹4.73 Lakh,Delhi
Maruti Baleno ZETA PETROL 1.2,Baleno ZETA PETROL 1.2,Maruti,2021,Petrol,"39,686",Manual,₹6.83 Lakh,Delhi
MG HECTOR SUPER 1.5 PETROL,HECTOR SUPER 1.5 PETROL,MG,2020,Petrol,"67,143",Manual,₹10.48 Lakh,Delhi
Maruti S PRESSO VXI+,S PRESSO VXI+,Maruti,2020,Petrol,"18,442",Manual,₹3.97 Lakh,Delhi
Maruti Ciaz ZXI,Ciaz ZXI,Maruti,2016,Petrol,"57,286",Manual,₹5.23 Lakh,Delhi
Hyundai Creta E PLUS 1.6 PETROL,Creta E PLUS 1.6 PETROL,Hyundai,2019,Petrol,"17,333",Manual,₹9.21 Lakh,Delhi
Honda City 1.5L I-VTEC SV CVT,City 1.5L I-VTEC SV CVT,Honda,2015,Petrol,"98,688",Automatic,₹5.19 Lakh,Delhi
Maruti Wagon R 1.0 LXI,Wagon R 1.0 LXI,Maruti,2012,Petrol,"32,625",Manual,₹2.09 Lakh,Delhi
KIA SELTOS HTK PLUS 1.5 IMT,SELTOS HTK PLUS 1.5 IMT,KIA,2022,Petrol,"51,566",Manual,₹12.11 Lakh,Delhi
Maruti Baleno ZETA CVT PETROL 1.2,Baleno ZETA CVT PETROL 1.2,Maruti,2021,Petrol,"39,141",Automatic,₹7.17 Lakh,Delhi
Hyundai i10 ERA 1.1,i10 ERA 1.1,Hyundai,2012,Petrol,"50,949",Manual,₹1.96 Lakh,Delhi
Hyundai Creta SX PLUS AT 1.6 PETROL,Creta SX PLUS AT 1.6 PETROL,Hyundai,2017,Petrol,"75,903",Automatic,₹8.28 Lakh,Delhi
Maruti IGNIS ZETA 1.2,IGNIS ZETA 1.2,Maruti,2017,Petrol,"84,544",Manual,₹4.07 Lakh,Delhi
KIA SONET HTX 1.0 IMT,SONET HTX 1.0 IMT,KIA,2021,Petrol,"24,996",Manual,₹8.89 Lakh,Delhi
KIA SONET HTX 1.5,SONET HTX 1.5,KIA,2021,Diesel,"28,209",Manual,₹10.20 Lakh,Delhi
Tata TIGOR XZ PLUS PETROL,TIGOR XZ PLUS PETROL,Tata,2019,Petrol,"17,225",Manual,₹5.39 Lakh,Delhi
Nissan MAGNITE XV PREMIUM,MAGNITE XV PREMIUM,Nissan,2022,Petrol,"28,711",Manual,₹7.36 Lakh,Delhi
Hyundai Eon MAGNA +,Eon MAGNA +,Hyundai,2014,Petrol,"43,441",Manual,₹2.13 Lakh,Delhi
Maruti IGNIS ZETA 1.2 AMT,IGNIS ZETA 1.2 AMT,Maruti,2022,Petrol,"36,051",Automatic,₹6.72 Lakh,Delhi
Hyundai Elite i20 SPORTZ PLUS 1.2,Elite i20 SPORTZ PLUS 1.2,Hyundai,2019,Petrol,"60,403",Manual,₹5.58 Lakh,Delhi
Maruti Alto K10 VXI AMT,Alto K10 VXI AMT,Maruti,2016,Petrol,"77,786",Automatic,₹2.64 Lakh,Delhi
Honda City 1.5L I-VTEC V MT,City 1.5L I-VTEC V MT,Honda,2017,Petrol,"90,167",Manual,₹6.64 Lakh,Delhi
KIA SELTOS GTX PLUS AT 1.5 DIESEL,SELTOS GTX PLUS AT 1.5 DIESEL,KIA,2019,Diesel,"51,955",Automatic,₹13.43 Lakh,Delhi
KIA SELTOS HTX 1.5 PETROL,SELTOS HTX 1.5 PETROL,KIA,2019,Petrol,"68,033",Manual,₹10.06 Lakh,Delhi
MG HECTOR SHARP 1.5 DCT PETROL,HECTOR SHARP 1.5 DCT PETROL,MG,2021,Petrol,"39,015",Automatic,₹16.00 Lakh,Delhi
Honda WR-V 1.5L I-DTEC VX MT,WR-V 1.5L I-DTEC VX MT,Honda,2020,Diesel,"45,972",Manual,₹9.46 Lakh,Delhi
Hyundai Creta SX (O) 1.4 TURBO DCT,Creta SX (O) 1.4 TURBO DCT,Hyundai,2020,Petrol,"57,460",Automatic,₹14.39 Lakh,Delhi
Maruti Swift LXI,Swift LXI,Maruti,2023,Petrol,"11,194",Manual,₹5.59 Lakh,Delhi
Tata NEXON XZA PLUS DIESEL,NEXON XZA PLUS DIESEL,Tata,2022,Diesel,"34,248",Automatic,₹10.85 Lakh,Delhi
Volkswagen Vento HIGHLINE PLUS 1.2 AT 16 ALLOY,Vento HIGHLINE PLUS 1.2 AT 16 ALLOY,Volkswagen,2019,Petrol,"58,082",Automatic,₹9.25 Lakh,Delhi
Maruti Alto K10 VXI AMT,Alto K10 VXI AMT,Maruti,2016,Petrol,"48,331",Automatic,₹2.91 Lakh,Delhi
Hyundai AURA S 1.2 CNG,AURA S 1.2 CNG,Hyundai,2023,CNG,"25,460",Manual,₹7.77 Lakh,Delhi
Tata PUNCH CREATIVE  1.2 RTN DUAL TONE,PUNCH CREATIVE  1.2 RTN DUAL TONE,Tata,2022,Petrol,"20,770",Manual,₹8.44 Lakh,Delhi
Maruti Baleno DELTA PETROL 1.2,Baleno DELTA PETROL 1.2,Maruti,2020,Petrol,"27,940",Manual,₹5.53 Lakh,Delhi
Maruti Celerio VXI,Celerio VXI,Maruti,2017,Petrol,"56,638",Manual,₹3.44 Lakh,Delhi
Maruti Alto K10 VXI,Alto K10 VXI,Maruti,2018,Petrol,"33,269",Manual,₹3.24 Lakh,Delhi
Hyundai GRAND I10 NIOS SPORTZ 1.2 KAPPA VTVT,GRAND I10 NIOS SPORTZ 1.2 KAPPA VTVT,Hyundai,2022,Petrol,"15,600",Manual,₹6.50 Lakh,Delhi
Hyundai Elite i20 ASTA 1.2 (O),Elite i20 ASTA 1.2 (O),Hyundai,2017,Petrol,"57,487",Manual,₹5.20 Lakh,Delhi
Mahindra Thar LX PETROL HT 4WD AT,Thar LX PETROL HT 4WD AT,Mahindra,2021,Petrol,"31,332",Automatic,₹13.91 Lakh,Delhi
Honda City 1.5L I-VTEC V MT,City 1.5L I-VTEC V MT,Honda,2016,Petrol,"87,088",Manual,₹5.69 Lakh,Delhi
Maruti Wagon R 1.0 VXI,Wagon R 1.0 VXI,Maruti,2014,Petrol,"47,355",Manual,₹2.73 Lakh,Delhi
Maruti IGNIS SIGMA 1.2,IGNIS SIGMA 1.2,Maruti,2023,Petrol,"10,469",Manual,₹5.23 Lakh,Delhi
Mahindra SCORPIO-N Z8 L PETROL MT 7 STR,SCORPIO-N Z8 L PETROL MT 7 STR,Mahindra,2022,Petrol,"2,094",Manual,₹19.88 Lakh,Delhi
Maruti BREZZA ZXI SMART HYBRID ,BREZZA ZXI SMART HYBRID ,Maruti,2023,Petrol,"8,502",Manual,₹10.90 Lakh,Delhi
Tata ALTROZ XZ PETROL,ALTROZ XZ PETROL,Tata,2020,Petrol,"30,195",Manual,₹6.02 Lakh,Delhi
Tata NEXON XZA PLUS DIESEL DARK EDITION,NEXON XZA PLUS DIESEL DARK EDITION,Tata,2022,Diesel,"19,648",Automatic,₹10.85 Lakh,Delhi
Hyundai Grand i10 MAGNA 1.2 KAPPA VTVT,Grand i10 MAGNA 1.2 KAPPA VTVT,Hyundai,2015,Petrol,"62,902",Manual,₹3.04 Lakh,Delhi
Maruti New Wagon-R VXI CNG 1.0,New Wagon-R VXI CNG 1.0,Maruti,2022,CNG,"38,261",Manual,₹6.15 Lakh,Delhi
Honda Jazz 1.2L I-VTEC V,Jazz 1.2L I-VTEC V,Honda,2017,Petrol,"75,621",Manual,₹5.03 Lakh,Delhi
KIA SONET HTK PLUS 1.2,SONET HTK PLUS 1.2,KIA,2023,Petrol,"7,907",Manual,₹9.17 Lakh,Delhi
Hyundai i10 MAGNA 1.1,i10 MAGNA 1.1,Hyundai,2016,Petrol,"41,176",Manual,₹3.14 Lakh,Delhi
KIA SONET HTX 1.0 IMT,SONET HTX 1.0 IMT,KIA,2022,Petrol,"34,198",Manual,₹10.07 Lakh,Delhi
Maruti Baleno DELTA PETROL 1.2,Baleno DELTA PETROL 1.2,Maruti,2017,Petrol,"84,098",Manual,₹4.32 Lakh,Delhi
Maruti Celerio ZXI,Celerio ZXI,Maruti,2018,Petrol,"35,425",Manual,₹4.11 Lakh,Delhi
Maruti Ciaz DELTA 1.5 SHVS MT PETROL,Ciaz DELTA 1.5 SHVS MT PETROL,Maruti,2018,Petrol,"15,115",Manual,₹6.94 Lakh,Delhi
Volkswagen Polo HIGHLINE1.2L,Polo HIGHLINE1.2L,Volkswagen,2014,Petrol,"93,360",Manual,₹3.47 Lakh,Delhi
Maruti Celerio VXI CNG,Celerio VXI CNG,Maruti,2017,CNG,"1,16,413",Manual,₹3.69 Lakh,Delhi
KIA SELTOS HTX ANNIVERSARY EDITION 1.5 PETROL,SELTOS HTX ANNIVERSARY EDITION 1.5 PETROL,KIA,2021,Petrol,"26,384",Manual,₹12.63 Lakh,Delhi
Honda City 1.5L I-VTEC SV CVT,City 1.5L I-VTEC SV CVT,Honda,2014,Petrol,"47,095",Automatic,₹4.71 Lakh,Delhi
Hyundai Grand i10 SPORTZ 1.2 KAPPA VTVT,Grand i10 SPORTZ 1.2 KAPPA VTVT,Hyundai,2016,Petrol,"42,018",Manual,₹3.88 Lakh,Delhi
Maruti Vitara Brezza VXI AT SHVS,Vitara Brezza VXI AT SHVS,Maruti,2021,Petrol,"57,060",Automatic,₹8.42 Lakh,Delhi
Maruti Baleno DELTA PETROL 1.2,Baleno DELTA PETROL 1.2,Maruti,2019,Petrol,"65,533",Manual,₹5.19 Lakh,Delhi
Volkswagen Polo HIGHLINE1.2L,Polo HIGHLINE1.2L,Volkswagen,2013,Petrol,"65,451",Manual,₹3.24 Lakh,Delhi
Maruti Baleno DELTA PETROL 1.2,Baleno DELTA PETROL 1.2,Maruti,2016,Petrol,"94,626",Manual,₹4.41 Lakh,Delhi
Maruti Swift Dzire LXI (O),Swift Dzire LXI (O),Maruti,2015,Petrol,"35,817",Manual,₹3.93 Lakh,Delhi
Hyundai NEW I20 ASTA (O) 1.2 MT,NEW I20 ASTA (O) 1.2 MT,Hyundai,2023,Petrol,"20,051",Manual,₹9.08 Lakh,Delhi
Hyundai Grand i10 ASTA AT 1.2 KAPPA VTVT,Grand i10 ASTA AT 1.2 KAPPA VTVT,Hyundai,2014,Petrol,"36,341",Automatic,₹3.80 Lakh,Delhi
Hyundai Xcent S (O) 1.2,Xcent S (O) 1.2,Hyundai,2014,Petrol,"89,712",Manual,₹2.97 Lakh,Delhi
Honda Amaze 1.2L I-VTEC S AT,Amaze 1.2L I-VTEC S AT,Honda,2014,Petrol,"75,833",Automatic,₹3.77 Lakh,Delhi
Maruti Swift Dzire VXI,Swift Dzire VXI,Maruti,2015,Petrol,"32,721",Manual,₹4.08 Lakh,Delhi
Hyundai NEW SANTRO MAGNA,NEW SANTRO MAGNA,Hyundai,2021,Petrol,"13,421",Manual,₹4.92 Lakh,Delhi
Renault Kwid CLIMBER 1.0 AMT (O),Kwid CLIMBER 1.0 AMT (O),Renault,2020,Petrol,"21,527",Automatic,₹4.17 Lakh,Delhi
Ford Ecosport TITANIUM 1.5L PETROL,Ecosport TITANIUM 1.5L PETROL,Ford,2019,CNG,"61,746",Manual,₹6.30 Lakh,Delhi
Hyundai VENUE SX 1.2 PETROL,VENUE SX 1.2 PETROL,Hyundai,2022,Petrol,"25,523",Manual,₹9.47 Lakh,Delhi
Tata NEXON XZ PLUS PETROL,NEXON XZ PLUS PETROL,Tata,2022,Petrol,"14,073",Manual,₹9.52 Lakh,Delhi
Honda Amaze 1.2L I-VTEC V CVT,Amaze 1.2L I-VTEC V CVT,Honda,2019,Petrol,"39,639",Automatic,₹6.73 Lakh,Delhi
Mahindra Thar LX PETROL HT 4WD AT,Thar LX PETROL HT 4WD AT,Mahindra,2021,Petrol,"25,085",Automatic,₹14.18 Lakh,Delhi
Hyundai i20 SPORTZ 1.2,i20 SPORTZ 1.2,Hyundai,2014,Petrol,"54,137",Manual,₹3.54 Lakh,Delhi
Hyundai Creta SX (O) IVT 1.5 PETROL,Creta SX (O) IVT 1.5 PETROL,Hyundai,2022,Petrol,"42,763",Automatic,₹15.61 Lakh,Delhi
Ford Ecosport TITANIUM 1.5L DIESEL,Ecosport TITANIUM 1.5L DIESEL,Ford,2019,Diesel,"78,701",Manual,₹7.09 Lakh,Delhi
KIA SONET HTK PLUS 1.0 IMT,SONET HTK PLUS 1.0 IMT,KIA,2020,Petrol,"2,951",Manual,₹8.15 Lakh,Delhi
Toyota Glanza V CVT,Glanza V CVT,Toyota,2020,Petrol,"4,496",Automatic,₹8.02 Lakh,Delhi
Hyundai GRAND I10 NIOS SPORTZ 1.2 KAPPA VTVT,GRAND I10 NIOS SPORTZ 1.2 KAPPA VTVT,Hyundai,2019,Petrol,"19,784",Manual,₹5.45 Lakh,Delhi
Maruti Swift LXI,Swift LXI,Maruti,2021,Petrol,"24,003",Manual,₹5.02 Lakh,Delhi
Honda City 1.5L I-VTEC ZX CVT,City 1.5L I-VTEC ZX CVT,Honda,2017,Petrol,"72,112",Automatic,₹8.28 Lakh,Delhi
Toyota URBAN CRUISER MID GRADE MT,URBAN CRUISER MID GRADE MT,Toyota,2022,Petrol,"28,970",Manual,₹8.69 Lakh,Delhi
Hyundai GRAND I10 NIOS SPORTZ 1.2 KAPPA VTVT,GRAND I10 NIOS SPORTZ 1.2 KAPPA VTVT,Hyundai,2022,Petrol,"17,035",Manual,₹6.52 Lakh,Delhi
Tata Tiago XZA PLUS PETROL,Tiago XZA PLUS PETROL,Tata,2019,Petrol,"64,090",Automatic,₹5.01 Lakh,Delhi
Datsun Redi Go T (O),Redi Go T (O),Datsun,2018,Petrol,"41,096",Manual,₹2.14 Lakh,Delhi
Honda City 1.5L I-VTEC VX,City 1.5L I-VTEC VX,Honda,2016,Petrol,"91,272",Manual,₹6.37 Lakh,Delhi
Renault Duster RXL PETROL,Duster RXL PETROL,Renault,2015,Petrol,"25,864",Manual,₹4.12 Lakh,Delhi
Maruti New Wagon-R ZXI 1.2,New Wagon-R ZXI 1.2,Maruti,2019,Petrol,"34,898",Manual,₹4.81 Lakh,Delhi
Mahindra XUV300 W4 1.5 DIESEL,XUV300 W4 1.5 DIESEL,Mahindra,2019,Diesel,"21,843",Manual,₹7.67 Lakh,Delhi
Honda Amaze 1.2L I-VTEC VX AT,Amaze 1.2L I-VTEC VX AT,Honda,2014,Petrol,"54,504",Automatic,₹3.79 Lakh,Delhi
Maruti Celerio ZXI AMT,Celerio ZXI AMT,Maruti,2016,Petrol,"84,574",Automatic,₹3.61 Lakh,Delhi
Maruti IGNIS DELTA 1.2,IGNIS DELTA 1.2,Maruti,2018,Petrol,"29,766",Manual,₹3.96 Lakh,Delhi
Tata TIGOR XT PETROL,TIGOR XT PETROL,Tata,2017,Petrol,"53,306",Manual,₹4.03 Lakh,Delhi
Tata NEXON XZ PLUS PETROL,NEXON XZ PLUS PETROL,Tata,2022,Petrol,"22,894",Manual,₹9.41 Lakh,Delhi
Hyundai Creta SX (O) 1.4 TURBO DCT,Creta SX (O) 1.4 TURBO DCT,Hyundai,2020,Petrol,"57,541",Automatic,₹14.69 Lakh,Delhi
Ford Ecosport TITANIUM 1.5L SIGNATURE EDITION (SUNROOF) PETROL,Ecosport TITANIUM 1.5L SIGNATURE EDITION (SUNROOF) PETROL,Ford,2018,Petrol,"77,405",Manual,₹6.19 Lakh,Delhi
Honda City 1.5L I-VTEC V MT,City 1.5L I-VTEC V MT,Honda,2018,Petrol,"37,592",Manual,₹7.30 Lakh,Delhi
Hyundai Eon ERA +,Eon ERA +,Hyundai,2017,Petrol,"60,656",Manual,₹2.45 Lakh,Delhi
Honda City 1.5L I-VTEC ZX CVT,City 1.5L I-VTEC ZX CVT,Honda,2017,Petrol,"42,012",Automatic,₹8.14 Lakh,Delhi
Honda City 1.5L I-VTEC V MT,City 1.5L I-VTEC V MT,Honda,2016,Petrol,"70,115",Manual,₹5.84 Lakh,Delhi
Hyundai Verna FLUIDIC 1.4 VTVT,Verna FLUIDIC 1.4 VTVT,Hyundai,2013,Petrol,"37,454",Manual,₹3.56 Lakh,Delhi
Maruti Alto K10 VXI,Alto K10 VXI,Maruti,2023,Petrol,"21,607",Manual,₹4.65 Lakh,Delhi
Maruti Eeco 5 STR WITH A/C+HTR,Eeco 5 STR WITH A/C+HTR,Maruti,2019,Petrol,"43,731",Manual,₹4.20 Lakh,Delhi
Honda Amaze 1.2L I-VTEC S AT OPT,Amaze 1.2L I-VTEC S AT OPT,Honda,2017,Petrol,"21,708",Automatic,₹5.38 Lakh,Delhi
Hyundai VENUE S 1.2,VENUE S 1.2,Hyundai,2021,Petrol,"22,303",Manual,₹7.75 Lakh,Delhi
Ford Ecosport TITANIUM 1.5L PETROL,Ecosport TITANIUM 1.5L PETROL,Ford,2018,Petrol,"70,008",Manual,₹6.61 Lakh,Delhi
Hyundai Creta SX PLUS AT 1.6 PETROL,Creta SX PLUS AT 1.6 PETROL,Hyundai,2017,Petrol,"41,711",Automatic,₹8.61 Lakh,Delhi
Hyundai GRAND I10 NIOS SPORTZ 1.2 KAPPA VTVT,GRAND I10 NIOS SPORTZ 1.2 KAPPA VTVT,Hyundai,2023,Petrol,"15,568",Manual,₹6.79 Lakh,Delhi
MG HECTOR SHARP 1.5 PETROL CVT,HECTOR SHARP 1.5 PETROL CVT,MG,2022,Petrol,"26,886",Automatic,₹17.22 Lakh,Delhi
Ford Ecosport TITANIUM 1.5L DIESEL,Ecosport TITANIUM 1.5L DIESEL,Ford,2019,Diesel,"49,417",Manual,₹6.88 Lakh,Delhi
Honda City 1.5L I-VTEC VX CVT,City 1.5L I-VTEC VX CVT,Honda,2014,Petrol,"57,652",Automatic,₹5.22 Lakh,Delhi
Renault Kwid CLIMBER 1.0 AMT,Kwid CLIMBER 1.0 AMT,Renault,2017,Petrol,"33,902",Automatic,₹3.23 Lakh,Delhi
Hyundai Creta S 1.4 DIESEL,Creta S 1.4 DIESEL,Hyundai,2019,Diesel,"51,919",Manual,₹8.77 Lakh,Delhi
Volkswagen Polo COMFORTLINE 1.0L MPI,Polo COMFORTLINE 1.0L MPI,Volkswagen,2019,Petrol,"68,763",Manual,₹5.58 Lakh,Delhi
Hyundai Creta SX AT 1.6 PETROL,Creta SX AT 1.6 PETROL,Hyundai,2019,Petrol,"34,348",Automatic,₹10.63 Lakh,Delhi
Hyundai VENUE SX PLUS 1.0 TURBO DCT,VENUE SX PLUS 1.0 TURBO DCT,Hyundai,2021,Petrol,"18,098",Automatic,₹10.64 Lakh,Delhi
Toyota Etios V,Etios V,Toyota,2011,Petrol,"83,914",Manual,₹2.18 Lakh,Delhi
Maruti New Wagon-R LXI CNG 1.0,New Wagon-R LXI CNG 1.0,Maruti,2021,CNG,"44,215",Manual,₹5.05 Lakh,Delhi
Hyundai AURA S 1.2 CNG,AURA S 1.2 CNG,Hyundai,2022,CNG,"39,362",Manual,₹7.34 Lakh,Delhi
Volkswagen Polo TRENDLINE 1.0L,Polo TRENDLINE 1.0L,Volkswagen,2020,Petrol,"32,473",Manual,₹5.34 Lakh,Delhi
Tata ALTROZ XZ PETROL,ALTROZ XZ PETROL,Tata,2020,Petrol,"31,360",Manual,₹6.42 Lakh,Delhi
Maruti Ertiga ZXI+ SHVS,Ertiga ZXI+ SHVS,Maruti,2021,Petrol,"17,163",Manual,₹10.32 Lakh,Delhi
Mahindra Thar LX  P 4WD AT CONVERTIBLE,Thar LX  P 4WD AT CONVERTIBLE,Mahindra,2022,Petrol,"29,045",Automatic,₹14.11 Lakh,Delhi
Maruti Alto VXI,Alto VXI,Maruti,2021,Petrol,"9,171",Manual,₹3.73 Lakh,Delhi
Hyundai VENUE S 1.4 CRDI,VENUE S 1.4 CRDI,Hyundai,2020,Diesel,"46,446",Manual,₹7.35 Lakh,Delhi
Maruti Wagon R 1.0 LXI,Wagon R 1.0 LXI,Maruti,2014,Petrol,"57,918",Manual,₹2.59 Lakh,Delhi
Maruti S PRESSO VXI+,S PRESSO VXI+,Maruti,2020,Petrol,"19,520",Manual,₹4.02 Lakh,Delhi
Hyundai i10 MAGNA 1.2,i10 MAGNA 1.2,Hyundai,2012,Petrol,"52,773",Manual,₹1.90 Lakh,Delhi
Mahindra KUV 100 NXT K2+ P 6 STR,KUV 100 NXT K2+ P 6 STR,Mahindra,2020,Petrol,"19,376",Manual,₹4.74 Lakh,Delhi
Maruti Swift VXI,Swift VXI,Maruti,2019,Petrol,"67,091",Manual,₹5.25 Lakh,Delhi
Renault Kwid RXT 1.0 (O),Kwid RXT 1.0 (O),Renault,2016,Petrol,"19,969",Manual,₹2.75 Lakh,Delhi
Maruti S PRESSO VXI CNG,S PRESSO VXI CNG,Maruti,2020,CNG,"43,486",Manual,₹4.29 Lakh,Delhi
Hyundai i10 MAGNA 1.1,i10 MAGNA 1.1,Hyundai,2016,Petrol,"48,302",Manual,₹2.78 Lakh,Delhi
Maruti Alto K10 LXI,Alto K10 LXI,Maruti,2016,Petrol,"37,919",Manual,₹2.95 Lakh,Delhi
Honda Amaze 1.2L I-VTEC S,Amaze 1.2L I-VTEC S,Honda,2014,Petrol,"83,769",Manual,₹3.07 Lakh,Delhi
Mahindra Scorpio S9,Scorpio S9,Mahindra,2022,Diesel,"49,679",Manual,₹15.59 Lakh,Delhi
Maruti Dzire LXI,Dzire LXI,Maruti,2019,Petrol,"29,453",Manual,₹5.28 Lakh,Delhi
Honda Amaze 1.2L I-VTEC S,Amaze 1.2L I-VTEC S,Honda,2018,CNG,"76,809",Manual,₹5.02 Lakh,Delhi
Mahindra XUV300 W8 (O) 1.5 DIESEL AMT,XUV300 W8 (O) 1.5 DIESEL AMT,Mahindra,2020,Diesel,"64,038",Automatic,₹8.36 Lakh,Delhi
Hyundai GRAND I10 NIOS SPORTZ U2 AMT 1.2 CRDI,GRAND I10 NIOS SPORTZ U2 AMT 1.2 CRDI,Hyundai,2022,Diesel,"38,529",Automatic,₹7.19 Lakh,Delhi
Maruti Alto 800 LXI,Alto 800 LXI,Maruti,2018,Petrol,"39,074",Manual,₹2.74 Lakh,Delhi
Maruti Celerio VXI CNG,Celerio VXI CNG,Maruti,2017,CNG,"61,337",Manual,₹3.68 Lakh,Delhi
Hyundai NEW SANTRO SPORTZ AMT,NEW SANTRO SPORTZ AMT,Hyundai,2021,Petrol,"21,850",Automatic,₹5.42 Lakh,Delhi
Hyundai Creta SX PLUS  ANNIVERSARY EDITION 1.6 PETROL,Creta SX PLUS  ANNIVERSARY EDITION 1.6 PETROL,Hyundai,2016,Petrol,"68,339",Manual,₹7.36 Lakh,Delhi
Datsun Go Plus T (O),Go Plus T (O),Datsun,2018,CNG,"23,055",Manual,₹3.38 Lakh,Delhi
Maruti Swift ZXI PLUS,Swift ZXI PLUS,Maruti,2018,Petrol,"27,158",Manual,₹6.14 Lakh,Delhi
Maruti Baleno ZETA PETROL 1.2,Baleno ZETA PETROL 1.2,Maruti,2020,Petrol,"56,649",Manual,₹6.36 Lakh,Delhi
Tata NEXON XZ PLUS DIESEL SUNROOF,NEXON XZ PLUS DIESEL SUNROOF,Tata,2021,Diesel,"32,265",Manual,₹8.23 Lakh,Delhi
Hyundai i10 SPORTZ 1.2 AT,i10 SPORTZ 1.2 AT,Hyundai,2012,Petrol,"42,065",Automatic,₹2.50 Lakh,Delhi
Toyota Fortuner 2.8 4X2 AT,Fortuner 2.8 4X2 AT,Toyota,2017,Diesel,"1,03,102",Automatic,₹22.15 Lakh,Delhi
Tata Harrier XZ 2.0L DARK EDITION,Harrier XZ 2.0L DARK EDITION,Tata,2019,Diesel,"56,690",Manual,₹10.72 Lakh,Delhi
Maruti Celerio LXI (O),Celerio LXI (O),Maruti,2020,Petrol,"54,485",Manual,₹3.74 Lakh,Delhi
Honda Amaze 1.2L I-VTEC SX,Amaze 1.2L I-VTEC SX,Honda,2015,Petrol,"65,475",Manual,₹3.68 Lakh,Delhi
Mahindra XUV300 W8 (O) 1.2 PETROL,XUV300 W8 (O) 1.2 PETROL,Mahindra,2019,Petrol,"52,895",Manual,₹7.79 Lakh,Delhi
Hyundai VENUE S 1.2,VENUE S 1.2,Hyundai,2021,Petrol,"43,270",Manual,₹6.95 Lakh,Delhi
MG HECTOR SMART HYBRID 1.5 PETROL,HECTOR SMART HYBRID 1.5 PETROL,MG,2020,Petrol,"38,585",Manual,₹12.34 Lakh,Delhi
Honda Amaze 1.2L I-VTEC S CVT,Amaze 1.2L I-VTEC S CVT,Honda,2022,Petrol,"17,110",Automatic,₹7.39 Lakh,Delhi
Maruti Ertiga VXI ABS,Ertiga VXI ABS,Maruti,2014,Petrol,"57,584",Manual,₹5.20 Lakh,Delhi
Honda Amaze 1.2L I-VTEC S,Amaze 1.2L I-VTEC S,Honda,2017,CNG,"95,120",Manual,₹4.33 Lakh,Delhi
Maruti IGNIS ALPHA 1.2,IGNIS ALPHA 1.2,Maruti,2018,Petrol,"31,802",Manual,₹5.28 Lakh,Delhi
Renault TRIBER RXL MT,TRIBER RXL MT,Renault,2021,Petrol,"42,964",Manual,₹5.14 Lakh,Delhi
Maruti Celerio VXI CNG,Celerio VXI CNG,Maruti,2022,CNG,"39,884",Manual,₹5.67 Lakh,Delhi
Hyundai Creta SX PLUS 1.6 PETROL,Creta SX PLUS 1.6 PETROL,Hyundai,2016,Petrol,"1,22,390",Manual,₹6.53 Lakh,Delhi
Maruti Alto K10 VXI,Alto K10 VXI,Maruti,2014,Petrol,"80,912",Manual,₹2.15 Lakh,Delhi
Mahindra XUV300 W8 (O) 1.2 PETROL,XUV300 W8 (O) 1.2 PETROL,Mahindra,2019,Petrol,"58,737",Manual,₹7.31 Lakh,Delhi
Hyundai Grand i10 MAGNA 1.2 KAPPA VTVT,Grand i10 MAGNA 1.2 KAPPA VTVT,Hyundai,2017,CNG,"73,491",Manual,₹4.04 Lakh,Delhi
Hyundai Grand i10 SPORTZ 1.2 KAPPA VTVT,Grand i10 SPORTZ 1.2 KAPPA VTVT,Hyundai,2013,Petrol,"80,540",Manual,₹2.91 Lakh,Delhi
Toyota Corolla Altis G PETROL,Corolla Altis G PETROL,Toyota,2011,Petrol,"80,901",Manual,₹2.69 Lakh,Delhi
Honda WR-V 1.2L I-VTEC VX MT,WR-V 1.2L I-VTEC VX MT,Honda,2017,Petrol,"37,935",Manual,₹6.04 Lakh,Delhi
Tata NEXON XMA DIESEL,NEXON XMA DIESEL,Tata,2019,Diesel,"61,857",Automatic,₹6.54 Lakh,Delhi
Toyota Corolla Altis G PETROL,Corolla Altis G PETROL,Toyota,2016,Petrol,"89,737",Manual,₹7.02 Lakh,Delhi
Hyundai Creta SX (O) 1.5 DIESEL,Creta SX (O) 1.5 DIESEL,Hyundai,2021,Diesel,"42,584",Manual,₹12.95 Lakh,Delhi
Maruti New Wagon-R LXI CNG 1.0,New Wagon-R LXI CNG 1.0,Maruti,2021,CNG,"43,689",Manual,₹5.05 Lakh,Delhi
Honda Amaze 1.2L I-VTEC VX,Amaze 1.2L I-VTEC VX,Honda,2016,Petrol,"50,466",Manual,₹3.90 Lakh,Delhi
Maruti Baleno DELTA PETROL 1.2,Baleno DELTA PETROL 1.2,Maruti,2021,Petrol,"33,717",Manual,₹6.22 Lakh,Delhi
Honda Jazz 1.2L I-VTEC V,Jazz 1.2L I-VTEC V,Honda,2019,Petrol,"49,131",Manual,₹5.78 Lakh,Delhi
Renault Kwid RXT 1.0,Kwid RXT 1.0,Renault,2023,Petrol,"2,559",Manual,₹4.51 Lakh,Delhi
Maruti New Wagon-R LXI CNG (O) 1.0,New Wagon-R LXI CNG (O) 1.0,Maruti,2020,CNG,"67,693",Manual,₹5.19 Lakh,Delhi
Hyundai Grand i10 ASTA AT 1.2 KAPPA VTVT,Grand i10 ASTA AT 1.2 KAPPA VTVT,Hyundai,2015,Petrol,"30,800",Automatic,₹4.60 Lakh,Delhi
Maruti Alto VXI,Alto VXI,Maruti,2021,Petrol,"54,855",Manual,₹3.47 Lakh,Delhi
Hyundai NEW SANTRO SPORTZ MT,NEW SANTRO SPORTZ MT,Hyundai,2019,Petrol,"61,630",Manual,₹3.78 Lakh,Delhi
Hyundai Grand i10 ASTA AT 1.2 KAPPA VTVT,Grand i10 ASTA AT 1.2 KAPPA VTVT,Hyundai,2015,Petrol,"49,639",Automatic,₹4.28 Lakh,Delhi
Tata Tiago XT LIMITED EDITION PETROL,Tiago XT LIMITED EDITION PETROL,Tata,2021,Petrol,"28,282",Manual,₹5.51 Lakh,Delhi
Maruti Baleno DELTA PETROL 1.2,Baleno DELTA PETROL 1.2,Maruti,2015,Petrol,"88,342",Manual,₹3.95 Lakh,Delhi
Volkswagen Vento HIGHLINE 1.6 MPI,Vento HIGHLINE 1.6 MPI,Volkswagen,2015,Petrol,"98,990",Manual,₹3.64 Lakh,Delhi
Hyundai i20 SPORTZ 1.2,i20 SPORTZ 1.2,Hyundai,2011,Petrol,"82,650",Manual,₹2.15 Lakh,Delhi
Honda Jazz 1.2L I-VTEC S AT,Jazz 1.2L I-VTEC S AT,Honda,2015,Petrol,"31,802",Automatic,₹4.23 Lakh,Delhi
Skoda Rapid STYLE TSI,Rapid STYLE TSI,Skoda,2021,Petrol,"13,471",Manual,₹9.53 Lakh,Delhi
Maruti IGNIS DELTA 1.2,IGNIS DELTA 1.2,Maruti,2022,Petrol,"18,015",Manual,₹5.36 Lakh,Delhi
Ford Ecosport TITANIUM 1.5L DIESEL,Ecosport TITANIUM 1.5L DIESEL,Ford,2020,Diesel,"62,541",Manual,₹7.77 Lakh,Delhi
Maruti BREZZA ZXI SMART HYBRID ,BREZZA ZXI SMART HYBRID ,Maruti,2023,Petrol,"5,398",Manual,₹10.87 Lakh,Delhi
Maruti Vitara Brezza ZDI AMT,Vitara Brezza ZDI AMT,Maruti,2019,Diesel,"28,098",Automatic,₹7.02 Lakh,Delhi
Honda Jazz 1.5L I-DTEC VX,Jazz 1.5L I-DTEC VX,Honda,2019,Diesel,"27,362",Manual,₹6.01 Lakh,Delhi
Tata Tiago XZ PLUS CNG,Tiago XZ PLUS CNG,Tata,2022,CNG,"30,034",Manual,₹6.89 Lakh,Delhi
Maruti Dzire ZXI AMT,Dzire ZXI AMT,Maruti,2018,Petrol,"50,947",Automatic,₹5.90 Lakh,Delhi
Honda Amaze 1.2L I-VTEC VX CVT,Amaze 1.2L I-VTEC VX CVT,Honda,2023,Petrol,"8,376",Automatic,₹8.80 Lakh,Delhi
Honda Amaze 1.2L I-VTEC S,Amaze 1.2L I-VTEC S,Honda,2017,Petrol,"65,833",Manual,₹4.33 Lakh,Delhi
Maruti Celerio VXI,Celerio VXI,Maruti,2017,Petrol,"67,082",Manual,₹3.73 Lakh,Delhi
Hyundai NEW SANTRO SPORTZ MT,NEW SANTRO SPORTZ MT,Hyundai,2019,Petrol,"41,083",Manual,₹3.78 Lakh,Delhi
Maruti Alto K10 VXI,Alto K10 VXI,Maruti,2011,Petrol,"1,00,995",Manual,₹1.07 Lakh,Delhi
Hyundai Verna FLUIDIC 4S 1.6 VTVT S,Verna FLUIDIC 4S 1.6 VTVT S,Hyundai,2015,Petrol,"72,498",Manual,₹5.43 Lakh,Delhi
Hyundai Creta SX PLUS AT 1.6 PETROL,Creta SX PLUS AT 1.6 PETROL,Hyundai,2016,Petrol,"60,846",Automatic,₹6.98 Lakh,Delhi
Mahindra Scorpio S9,Scorpio S9,Mahindra,2019,Diesel,"41,598",Manual,₹12.35 Lakh,Delhi
Tata Tiago XZ PETROL,Tiago XZ PETROL,Tata,2018,Petrol,"88,996",Manual,₹4.02 Lakh,Delhi
Maruti Celerio ZXI AMT,Celerio ZXI AMT,Maruti,2016,Petrol,"65,734",Automatic,₹3.76 Lakh,Delhi
Tata PUNCH PURE MT,PUNCH PURE MT,Tata,2024,Petrol,"5,048",Manual,₹6.39 Lakh,Delhi
Hyundai Eon ERA +,Eon ERA +,Hyundai,2017,Petrol,"54,582",Manual,₹2.77 Lakh,Delhi
Mahindra XUV500 W9,XUV500 W9,Mahindra,2019,Diesel,"42,554",Manual,₹10.72 Lakh,Delhi
Toyota Innova Crysta 2.4 VX 8 STR,Innova Crysta 2.4 VX 8 STR,Toyota,2019,Diesel,"84,135",Manual,₹15.10 Lakh,Delhi
Renault Kwid RXT 1.0 (O),Kwid RXT 1.0 (O),Renault,2018,Petrol,"71,796",Manual,₹2.92 Lakh,Delhi
Maruti Alto K10 VXI,Alto K10 VXI,Maruti,2015,Petrol,"44,871",Manual,₹2.61 Lakh,Delhi
Honda Brio VX MT,Brio VX MT,Honda,2015,Petrol,"96,395",Manual,₹3.34 Lakh,Delhi
Toyota Innova Crysta 2.7 ZX AT 7 STR,Innova Crysta 2.7 ZX AT 7 STR,Toyota,2021,Petrol,"15,376",Automatic,₹19.76 Lakh,Delhi
Maruti Alto K10 VXI (O) AMT,Alto K10 VXI (O) AMT,Maruti,2017,Petrol,"49,080",Automatic,₹3.21 Lakh,Delhi
Hyundai Grand i10 SPORTZ 1.2 KAPPA VTVT,Grand i10 SPORTZ 1.2 KAPPA VTVT,Hyundai,2015,Petrol,"57,677",Manual,₹3.68 Lakh,Delhi
Tata NEXON XE PETROL,NEXON XE PETROL,Tata,2021,Petrol,"13,415",Manual,₹6.81 Lakh,Delhi
Hyundai Elite i20 SPORTZ 1.2,Elite i20 SPORTZ 1.2,Hyundai,2019,Petrol,"34,181",Manual,₹5.24 Lakh,Delhi
Maruti Ciaz VXI+,Ciaz VXI+,Maruti,2014,Petrol,"74,819",Manual,₹3.81 Lakh,Delhi
Maruti Swift ZXI PLUS AMT,Swift ZXI PLUS AMT,Maruti,2019,Petrol,"67,469",Automatic,₹5.97 Lakh,Delhi
Skoda Rapid AMBITION 1.6 MPI AT,Rapid AMBITION 1.6 MPI AT,Skoda,2017,Petrol,"1,00,001",Automatic,₹5.48 Lakh,Delhi
Ford Ecosport TITANIUM 1.0L ECOBOOST SPORTS(SUNROOF),Ecosport TITANIUM 1.0L ECOBOOST SPORTS(SUNROOF),Ford,2019,Petrol,"70,551",Manual,₹6.49 Lakh,Delhi
Ford Ecosport TITANIUM 1.5L PETROL,Ecosport TITANIUM 1.5L PETROL,Ford,2016,Petrol,"75,315",Manual,₹4.93 Lakh,Delhi
Honda Brio S MT,Brio S MT,Honda,2013,Petrol,"77,423",Manual,₹2.51 Lakh,Delhi
Toyota Etios CROSS 1.2 G,Etios CROSS 1.2 G,Toyota,2015,Petrol,"45,032",Manual,₹3.56 Lakh,Delhi
Maruti Alto LXI OPT CNG,Alto LXI OPT CNG,Maruti,2021,CNG,"41,163",Manual,₹3.52 Lakh,Delhi
Hyundai Grand i10 SPORTZ 1.2 KAPPA VTVT,Grand i10 SPORTZ 1.2 KAPPA VTVT,Hyundai,2018,Petrol,"10,212",Manual,₹4.96 Lakh,Delhi
MG HECTOR SHARP 1.5 DCT PETROL,HECTOR SHARP 1.5 DCT PETROL,MG,2021,Petrol,"44,155",Automatic,₹14.94 Lakh,Delhi
Mahindra TUV300 T10,TUV300 T10,Mahindra,2019,Diesel,"38,862",Manual,₹7.92 Lakh,Delhi
Maruti Celerio VXI CNG,Celerio VXI CNG,Maruti,2019,CNG,"60,076",Manual,₹4.21 Lakh,Delhi
Renault Kwid 1.0 RXL 02 Anniversary Edition,Kwid 1.0 RXL 02 Anniversary Edition,Renault,2017,Petrol,"25,540",Manual,₹2.80 Lakh,Delhi
Maruti Baleno ZETA PETROL 1.2,Baleno ZETA PETROL 1.2,Maruti,2019,CNG,"58,961",Manual,₹5.81 Lakh,Delhi
Tata NEXON XE PETROL,NEXON XE PETROL,Tata,2021,CNG,"32,892",Manual,₹7.05 Lakh,Delhi
Hyundai Verna 1.6 VTVT SX (O) AT,Verna 1.6 VTVT SX (O) AT,Hyundai,2018,Petrol,"13,069",Automatic,₹8.92 Lakh,Delhi
Hyundai Elite i20 SPORTZ 1.2,Elite i20 SPORTZ 1.2,Hyundai,2018,Petrol,"17,385",Manual,₹5.83 Lakh,Delhi
Maruti Baleno ZETA PETROL 1.2,Baleno ZETA PETROL 1.2,Maruti,2018,CNG,"44,307",Manual,₹5.66 Lakh,Delhi
Maruti Alto 800 LXI CNG,Alto 800 LXI CNG,Maruti,2017,CNG,"54,581",Manual,₹2.90 Lakh,Delhi
Hyundai GRAND I10 NIOS SPORTZ 1.2 KAPPA VTVT CNG,GRAND I10 NIOS SPORTZ 1.2 KAPPA VTVT CNG,Hyundai,2022,CNG,"25,013",Manual,₹7.01 Lakh,Delhi
Ford Ecosport TITANIUM 1.5L DIESEL,Ecosport TITANIUM 1.5L DIESEL,Ford,2021,Diesel,"40,846",Manual,₹8.12 Lakh,Delhi
Maruti IGNIS ZETA 1.2 AMT,IGNIS ZETA 1.2 AMT,Maruti,2018,Petrol,"48,151",Automatic,₹4.78 Lakh,Delhi
Maruti Swift VXI,Swift VXI,Maruti,2019,Petrol,"42,091",Manual,₹4.68 Lakh,Delhi
Maruti IGNIS DELTA 1.2 AMT,IGNIS DELTA 1.2 AMT,Maruti,2019,Petrol,"8,644",Automatic,₹5.21 Lakh,Delhi
Hyundai i10 MAGNA 1.1,i10 MAGNA 1.1,Hyundai,2016,Petrol,"59,405",Manual,₹3.09 Lakh,Delhi
Hyundai Xcent S 1.2,Xcent S 1.2,Hyundai,2014,Petrol,"63,804",Manual,₹3.19 Lakh,Delhi
Maruti Eeco 5 STR WITH A/C+HTR CNG,Eeco 5 STR WITH A/C+HTR CNG,Maruti,2019,CNG,"62,412",Manual,₹4.68 Lakh,Delhi
Hyundai NEW I20 ASTA 1.2 MT,NEW I20 ASTA 1.2 MT,Hyundai,2021,Petrol,"42,707",Manual,₹7.52 Lakh,Delhi
Maruti IGNIS ZETA 1.2 AMT,IGNIS ZETA 1.2 AMT,Maruti,2020,Petrol,"50,179",Automatic,₹5.47 Lakh,Delhi
Hyundai VENUE SX 1.5 CRDI,VENUE SX 1.5 CRDI,Hyundai,2021,Diesel,"46,063",Manual,₹9.01 Lakh,Delhi
Maruti Alto K10 VXI AMT,Alto K10 VXI AMT,Maruti,2015,Petrol,"18,900",Automatic,₹2.86 Lakh,Delhi
